Handle,Title,SEO Title,Original Length,SEO Length
matching-family-christmas-sweater-red-rocking-horse-knit-top,Matching Family Christmas Sweater  Red Rocking Horse Knit Top,Christmas Sweater Red Rocking Horse Knit Top | DLM,61,50
family-matching-outfit-set-mom-cardigan-kids-tops-baby-romper,"Family Matching Outfit Set – Mom Cardigan, Kids Tops & Baby Romper","Outfit Set - Mom Cardigan, Kids Tops & Baby Romper | DLM",66,56
family-matching-fleece-loungewear-sets-cozy-two-piece-pajamas-for-mom-and-kids,Family Matching Fleece Loungewear Sets  Cozy Two-Piece Pajamas for Mom and Kids,Fleece Loungewear Sets Cozy Two-Piece Pajamas | DLM,79,51
reversible-faux-suede-mid-length-coat-family-matching-outfits-for-mom-daughter-and-siblings,"Reversible Faux Suede Mid-Length Coat – Family Matching Outfits for Mom, Daughter, and Siblings",Reversible Faux Suede Mid-Length Coat - Outfits | DLM,95,53
family-matching-faux-shearling-jackets-warm-winter-suede-coats,Family Matching Faux Shearling Jackets – Warm Winter Suede Coats,Faux Shearling Jackets - Warm Winter Suede Coats | DLM,64,54
family-matching-oversized-heart-patch-sweaters-trendy-streetwear-style,Family Matching Oversized Heart Patch Sweaters – Trendy Streetwear Style,Oversized Heart Patch Sweaters - Trendy Streetwear ... | DLM,72,60
family-matching-argyle-sweaters-classic-knit-unisex-pullovers,Family Matching Argyle Sweaters – Classic Knit Unisex Pullovers,Argyle Sweaters - Classic Knit Unisex Pullovers | DLM,63,53
family-matching-red-cable-knit-cardigans-elegant-heart-button-design,Family Matching Red Cable Knit Cardigans – Elegant Heart-Button Design,Red Cable Knit Cardigans - Elegant Heart-Button Design | DLM,70,60
family-matching-cable-knit-sweaters-heart-embroidered-unisex-pullovers,Family Matching Cable Knit Sweaters  Heart Embroidered Unisex Pullovers,Cable Knit Sweaters Heart Embroidered Unisex Pullovers | DLM,71,60
colorful-geometric-knitted-sweater-unisex-retro-oversized-pullover,Colorful Geometric Knitted Sweater  Unisex Retro Oversized Pullover,Colorful Geometric Knitted Sweater Unisex Retro Ove... | DLM,67,60
matching-family-christmas-sweaters-black-with-festive-red-reindeer-and-snowflake-design,Matching Family Christmas Sweaters – Black with Festive Red Reindeer and Snowflake Design,Christmas Sweaters - Black with Festive Red Reindee... | DLM,89,60
matching-family-christmas-sweaters-festive-red-with-reindeer-and-snowflake-pattern,Matching Family Christmas Sweaters – Festive Red with Reindeer and Snowflake Pattern,Christmas Sweaters - Festive Red with Reindeer and ... | DLM,84,60
matching-family-colorblock-knit-sweaters-cozy-red-with-modern-style,Matching Family Colorblock Knit Sweaters – Cozy Red with Modern Style,Colorblock Knit Sweaters - Cozy Red with Modern Style | DLM,69,59
matching-family-faux-leather-jackets-trendy-and-versatile-outerwear,Matching Family Faux Leather Jackets – Trendy and Versatile Outerwear,Faux Leather Jackets - Trendy and Versatile Outerwear | DLM,69,59
family-matching-reindeer-christmas-sweatshirts-festive-winter-style,Family Matching Reindeer Christmas Sweatshirts – Festive Winter Style,Reindeer Christmas Sweatshirts - Festive Winter Style | DLM,69,59
family-matching-christmas-t-shirts-plaid-leopard-tree-design,Family Matching Christmas T-Shirts – Plaid & Leopard Tree Design,Christmas T-Shirts - Plaid & Leopard Tree Design | DLM,64,54
family-matching-christmas-t-shirts-dad-mom-baby-santa-hat-design,"Family Matching Christmas T-Shirts – ""Dad, Mom, Baby"" Santa Hat Design","Christmas T-Shirts - ""Dad, Mom, Baby"" Santa Hat Design | DLM",70,60
family-matching-christmas-t-shirts-peek-a-boo-reindeer-design,Family Matching Christmas T-Shirts – Peek-A-Boo Reindeer Design,Christmas T-Shirts - Peek-A-Boo Reindeer Design | DLM,63,53
family-matching-christmas-t-shirts-adorable-reindeer-design,Family Matching Christmas T-Shirts – Adorable Reindeer Design,Christmas T-Shirts - Adorable Reindeer Design | DLM,61,51
matching-family-christmas-t-shirts-santa-reindeer-graphic-tees,Matching Family Christmas T-Shirts – Santa & Reindeer Graphic Tees,Christmas T-Shirts - Santa & Reindeer Graphic Tees | DLM,66,56
matching-family-christmas-pajamas-festive-joy-love-peace-polar-bear-set,"Matching Family Christmas Pajamas – Festive ""Joy, Love, Peace"" Polar Bear Set","Christmas Pajamas - Festive ""Joy, Love, Peace"" Pola... | DLM",77,60
matching-family-christmas-pajamas-fun-grinch-inspired-holiday-set,Matching Family Christmas Pajamas – Fun Grinch-Inspired Holiday Set,Christmas Pajamas - Fun Grinch-Inspired Holiday Set | DLM,67,57
matching-family-christmas-pajamas-festive-christmas-tree-holiday-print-set,Matching Family Christmas Pajamas – Festive Christmas Tree & Holiday Print Set,Christmas Pajamas - Festive Christmas Tree & Holida... | DLM,78,60
matching-family-christmas-pajamas-polar-bear-santa-holiday-set,Matching Family Christmas Pajamas – Polar Bear & Santa Holiday Set,Christmas Pajamas - Polar Bear & Santa Holiday Set | DLM,66,56
matching-family-christmas-pajamas-ho-ho-ho-santa-holiday-set,"Matching Family Christmas Pajamas – ""Ho Ho Ho"" Santa Holiday Set","Christmas Pajamas - ""Ho Ho Ho"" Santa Holiday Set | DLM",64,54
family-christmas-pajamas-festive-dancing-santa-matching-holiday-set,Family Christmas Pajamas – Festive Dancing Santa Matching Holiday Set,Family Christmas Pajamas - Festive Dancing Santa Ma... | DLM,69,60
matching-family-christmas-pajamas-we-are-family-plaid-holiday-set,"Matching Family Christmas Pajamas – ""We Are Family"" Plaid Holiday Set","Christmas Pajamas - ""We Are Family"" Plaid Holiday Set | DLM",69,59
matching-teddy-bear-heart-fluffy-pajama-set-for-mother-daughter,Matching Teddy Bear & Heart Fluffy Pajama Set for Mother & Daughter,Matching Teddy Bear & Heart Fluffy Pajama Set for M... | DLM,67,60
matching-family-fluffy-bunny-loungewear-set-cozy-pink-pajamas,Matching Family Fluffy Bunny Loungewear Set – Cozy Pink Pajamas,Fluffy Bunny Loungewear Set - Cozy Pink Pajamas | DLM,63,53
matching-family-christmas-t-shirts-santa-snowman-festive-holiday-design,Matching Family Christmas T-Shirts – Santa & Snowman Festive Holiday Design,Christmas T-Shirts - Santa & Snowman Festive Holida... | DLM,75,60
matching-family-christmas-t-shirts-adorable-reindeer-print-with-holiday-wishes,Matching Family Christmas T-Shirts – Adorable Reindeer Print with Holiday Wishes,Christmas T-Shirts - Adorable Reindeer Print with H... | DLM,80,60
merry-christmas-matching-family-t-shirts-festive-snowman-santa-and-elf-holiday-tops,"Merry Christmas Matching Family T-Shirts – Festive Snowman, Santa, and Elf Holiday Tops","Merry Christmas T-Shirts - Festive Snowman, Santa, ... | DLM",87,60
merry-christmas-matching-family-t-shirts-festive-holiday-outfit-in-multiple-colors,Merry Christmas Matching Family T-Shirts – Festive Holiday Outfit in Multiple Colors,Merry Christmas T-Shirts - Festive Holiday Outfit i... | DLM,84,60
dabbing-santa-matching-family-christmas-t-shirts-fun-holiday-outfits-for-all,Dabbing Santa Matching Family Christmas T-Shirts – Fun Holiday Outfits for All,Dabbing Santa Christmas T-Shirts - Fun Holiday Outf... | DLM,78,60
family-matching-christmas-pajama-set-festive-santa-gnome-print-in-red-and-grey-with-cozy-nordic-pattern-pants,Family Matching Christmas Pajama Set - Festive Santa Gnome Print in Red and Grey with Cozy Nordic Pattern Pants,Christmas Pajama Set - Festive Santa Gnome Print in... | DLM,111,60
family-matching-christmas-pajama-set-festive-happy-holidays-snowman-reindeer-print-with-red-cuffs,"Family Matching Christmas Pajama Set - Festive ""Happy Holidays"" Snowman & Reindeer Print with Red Cuffs","Christmas Pajama Set - Festive ""Happy Holidays"" Sno... | DLM",103,60
family-matching-christmas-pajama-set-cute-santa-reindeer-print-in-white-with-festive-red-accents,Family Matching Christmas Pajama Set - Cute Santa & Reindeer Print in White with Festive Red Accents,Christmas Pajama Set - Cute Santa & Reindeer Print ... | DLM,100,60
family-matching-christmas-pajama-set-red-buffalo-plaid-with-reindeer-print-in-black-gold-for-cozy-holiday-nights,Family Matching Christmas Pajama Set - Red Buffalo Plaid with Reindeer Print in Black & Gold for Cozy Holiday Nights,Christmas Pajama Set - Red Buffalo Plaid with Reind... | DLM,116,60
family-matching-winter-pajama-set-chill-out-snowman-print-with-cozy-blue-snowflake-design,"Family Matching Winter Pajama Set - ""Chill Out"" Snowman Print with Cozy Blue Snowflake Design","Winter Pajama Set - ""Chill Out"" Snowman Print with ... | DLM",93,60
family-matching-christmas-pajama-set-naughty-or-nice-grinch-design-with-red-plaid-pants,Family Matching Christmas Pajama Set - Naughty or Nice Grinch Design with Red Plaid Pants,Christmas Pajama Set - Naughty or Nice Grinch Desig... | DLM,89,60
family-matching-christmas-elf-pajama-set-festive-green-red-striped-elf-costume-design-for-holiday-fun,Family Matching Christmas Elf Pajama Set - Festive Green & Red Striped Elf Costume Design for Holiday Fun,Christmas Elf Pajama Set - Festive Green & Red Stri... | DLM,105,60
family-matching-christmas-pajama-set-red-green-plaid-reindeer-print-for-cozy-holiday-moments,Family Matching Christmas Pajama Set - Red & Green Plaid Reindeer Print for Cozy Holiday Moments,Christmas Pajama Set - Red & Green Plaid Reindeer P... | DLM,96,60
family-matching-christmas-pajama-set-plaid-pants-with-cute-reindeer-print-in-black-white,Family Matching Christmas Pajama Set - Plaid Pants with Cute Reindeer Print in Black & White,Christmas Pajama Set - Plaid Pants with Cute Reinde... | DLM,92,60
family-matching-christmas-pajama-set-plaid-pants-with-adorable-reindeer-print-in-white-red,Family Matching Christmas Pajama Set - Plaid Pants with Adorable Reindeer Print in White & Red,Christmas Pajama Set - Plaid Pants with Adorable Re... | DLM,94,60
family-matching-christmas-pajama-set-festive-santa-ho-ho-ho-print-with-red-green-and-white-stripes,"Family Matching Christmas Pajama Set - Festive Santa & ""Ho Ho Ho"" Print with Red, Green, and White Stripes","Christmas Pajama Set - Festive Santa & ""Ho Ho Ho"" P... | DLM",106,60
family-matching-christmas-pajama-set-festive-santa-reindeer-print-in-red-white-and-black-for-holiday-celebrations,"Family Matching Christmas Pajama Set - Festive Santa & Reindeer Print in Red, White, and Black for Holiday Celebrations",Christmas Pajama Set - Festive Santa & Reindeer Pri... | DLM,119,60
family-matching-christmas-pajama-set-santa-reindeer-print-in-cream-and-green-for-festive-holiday-fun,Family Matching Christmas Pajama Set - Santa & Reindeer Print in Cream and Green for Festive Holiday Fun,Christmas Pajama Set - Santa & Reindeer Print in Cr... | DLM,104,60
family-matching-christmas-pajama-set-merry-christmas-tree-print-in-festive-green-and-black-for-holiday-gatherings,Family Matching Christmas Pajama Set - Merry Christmas Tree Print in Festive Green and Black for Holiday Gatherings,Christmas Pajama Set - Merry Christmas Tree Print i... | DLM,115,60
family-matching-christmas-pajama-set-festive-reindeer-santa-print-in-red-green-for-holiday-celebrations,Family Matching Christmas Pajama Set - Festive Reindeer & Santa Print in Red & Green for Holiday Celebrations,Christmas Pajama Set - Festive Reindeer & Santa Pri... | DLM,109,60
family-matching-christmas-pajamas-snowman-print-merry-christmas-pjs-in-blue-and-red,"Family Matching Christmas Pajamas - Snowman Print ""Merry Christmas"" PJs in Blue and Red","Christmas Pajamas - Snowman Print ""Merry Christmas""... | DLM",87,60
family-matching-christmas-pajamas-happy-ho-ho-ho-to-you-elf-design-with-striped-pants,"Family Matching Christmas Pajamas - ""Happy Ho Ho Ho To You"" Elf Design with Striped Pants","Christmas Pajamas - ""Happy Ho Ho Ho To You"" Elf Des... | DLM",89,60
family-matching-christmas-pajamas-set-green-white-reindeer-fair-isle-print,Family Matching Christmas Pajamas Set - Green & White Reindeer Fair Isle Print,Christmas Pajamas Set - Green & White Reindeer Fair... | DLM,78,60
family-matching-merry-grinchmas-christmas-pajama-set-fun-holiday-grinch-design-with-festive-green-pants,"Family Matching ""Merry Grinchmas"" Christmas Pajama Set - Fun Holiday Grinch Design with Festive Green Pants","""Merry Grinchmas"" Christmas Pajama Set - Fun Holida... | DLM",107,60
family-matching-merry-grinchmas-dinosaur-christmas-pajamas-fun-holiday-set-with-green-plaid-pants,"Family Matching ""Merry Grinchmas"" Dinosaur Christmas Pajamas - Fun Holiday Set with Green Plaid Pants","""Merry Grinchmas"" Dinosaur Christmas Pajamas - Fun ... | DLM",101,60
family-matching-dont-be-a-grinch-christmas-pajamas-fun-dr-seuss-grinch-holiday-set-for-kids-adults,"Family Matching ""Don't Be a Grinch"" Christmas Pajamas - Fun Dr. Seuss Grinch Holiday Set for Kids & Adults","""Don't Be a Grinch"" Christmas Pajamas - Fun Dr. Seu... | DLM",106,60
family-matching-merry-christmas-tree-pajamas-black-green-plaid-holiday-pajama-set-for-kids-adults-infants,"Family Matching ""Merry Christmas"" Tree Pajamas - Black & Green Plaid Holiday Pajama Set for Kids, Adults & Infants","""Merry Christmas"" Tree Pajamas - Black & Green Plai... | DLM",114,60
family-matching-let-it-snow-merry-christmas-pajamas-navy-blue-snowman-fair-isle-holiday-pajama-set-for-kids-adults-pets,"Family Matching ""Let It Snow"" & ""Merry Christmas"" Pajamas - Navy Blue Snowman Fair Isle Holiday Pajama Set for Kids, Adults & Pets","""Let It Snow"" & ""Merry Christmas"" Pajamas - Navy Bl... | DLM",130,60
family-matching-christmas-crew-pajamas-black-and-red-plaid-holiday-pajama-set-for-kids-and-adults,"Family Matching ""Christmas Crew"" Pajamas - Black and Red Plaid Holiday Pajama Set for Kids and Adults","""Christmas Crew"" Pajamas - Black and Red Plaid Holi... | DLM",101,60
family-matching-christmas-tree-fair-isle-pajamas-red-black-holiday-pajama-set-for-kids-and-adults,Family Matching Christmas Tree Fair Isle Pajamas - Red & Black Holiday Pajama Set for Kids and Adults,Christmas Tree Fair Isle Pajamas - Red & Black Holi... | DLM,101,60
family-matching-christmas-pajamas-merry-christmas-gnome-fair-isle-pajama-set-for-kids-and-adults,"Family Matching Christmas Pajamas - ""Merry Christmas"" Gnome & Fair Isle Pajama Set for Kids and Adults","Christmas Pajamas - ""Merry Christmas"" Gnome & Fair ... | DLM",102,60
family-matching-christmas-tree-fair-isle-pajamas-green-red-festive-pajama-set-for-adults-kids-pets,"Family Matching Christmas Tree Fair Isle Pajamas - Green & Red Festive Pajama Set for Adults, Kids & Pets",Christmas Tree Fair Isle Pajamas - Green & Red Fest... | DLM,105,60
family-matching-christmas-fair-isle-pajamas-festive-red-green-holiday-pajama-set-for-adults-kids-pets,"Family Matching Christmas Fair Isle Pajamas - Festive Red & Green Holiday Pajama Set for Adults, Kids & Pets",Christmas Fair Isle Pajamas - Festive Red & Green H... | DLM,108,60
family-matching-holiday-safari-animal-pajamas-cozy-green-christmas-pajama-set-for-kids-adults-pets,"Family Matching Holiday Safari Animal Pajamas - Cozy Green Christmas Pajama Set for Kids, Adults & Pets",Holiday Safari Animal Pajamas - Cozy Green Christma... | DLM,103,60
matching-family-christmas-pajamas-snowflake-nordic-holiday-pj-set-for-all-ages,Matching Family Christmas Pajamas - Snowflake Nordic Holiday PJ Set for All Ages,Christmas Pajamas - Snowflake Nordic Holiday PJ Set... | DLM,80,60
family-christmas-tree-graphic-matching-t-shirts-merry-christmas-holiday-family-outfits,"Family Christmas Tree Graphic Matching T-Shirts - ""Merry Christmas"" Holiday Family Outfits","Family Christmas Tree Graphic Matching T-Shirts - ""... | DLM",90,60
family-christmas-sweatshirt-set-merry-christmas-matching-holiday-sweaters-for-family,"Family Christmas Sweatshirt Set - ""Merry Christmas"" Matching Holiday Sweaters for Family","Family Christmas Sweatshirt Set - ""Merry Christmas""... | DLM",88,60
eternal-love-family-matching-t-shirts-colorful-heart-design,Eternal Love Family Matching T-Shirts - Colorful Heart Design,Eternal Love T-Shirts - Colorful Heart Design | DLM,61,51
beautiful-rainbow-family-matching-t-shirts-colorful-sunshine-design,Beautiful Rainbow Family Matching T-Shirts - Colorful Sunshine Design,Beautiful Rainbow T-Shirts - Colorful Sunshine Design | DLM,69,59
cute-dinosaur-family-matching-t-shirts-what-are-you-doing-hug-design,"Cute Dinosaur Family Matching T-Shirts - ""What Are You Doing?"" Hug Design","Cute Dinosaur T-Shirts - ""What Are You Doing?"" Hug ... | DLM",73,60
colorful-i-love-family-matching-t-shirts-set-for-the-whole-family,"Colorful ""I Love Family"" Matching T-Shirts Set for the Whole Family","Colorful ""I Love Family"" Matching T-Shirts Set for ... | DLM",67,60
happy-flower-family-matching-t-shirts-colorful-floral-print-for-parents-kids,"""Happy Flower"" Family Matching T-Shirts – Colorful Floral Print for Parents & Kids","""Happy Flower"" T-Shirts - Colorful Floral Print for... | DLM",82,60
love-grows-family-matching-t-shirts-watering-can-plant-design,"""Love Grows"" Family Matching T-Shirts – Watering Can & Plant Design","""Love Grows"" T-Shirts - Watering Can & Plant Design | DLM",67,57
colorful-family-matching-love-t-shirts-fun-bold-lettering-design-in-multiple-colors,"Colorful Family Matching ""LOVE"" T-Shirts – Fun Bold Lettering Design in Multiple Colors","Colorful ""LOVE"" T-Shirts - Fun Bold Lettering Desig... | DLM",87,60
cute-family-matching-cartoon-t-shirts-sun-cloud-plant-design-in-5-colors,"Cute Family Matching Cartoon T-Shirts – Sun, Cloud & Plant Design in 5 Colors","Cute Cartoon T-Shirts - Sun, Cloud & Plant Design i... | DLM",77,60
matching-family-minimalist-heart-t-shirt-set-simple-love-design-in-4-colors,Matching Family Minimalist Heart T-Shirt Set – Simple Love Design in 4 Colors,Minimalist Heart T-Shirt Set - Simple Love Design i... | DLM,77,60
matching-family-love-balloon-t-shirt-set-heart-love-design-in-4-colors,"Matching Family ""Love Balloon"" T-Shirt Set – Heart & Love Design in 4 Colors","""Love Balloon"" T-Shirt Set - Heart & Love Design in... | DLM",76,60
matching-family-love-t-shirt-set-adorable-family-heart-design,"Matching Family ""LOVE"" T-Shirt Set – Adorable Family Heart Design","""LOVE"" T-Shirt Set - Adorable Family Heart Design | DLM",65,55
matching-family-plug-lightbulb-t-shirt-set-unique-family-connection-design,"Matching Family ""Plug & Lightbulb"" T-Shirt Set – Unique Family Connection Design","""Plug & Lightbulb"" T-Shirt Set - Unique Family Conn... | DLM",80,60
battery-themed-matching-family-t-shirt-set-super-tired-parents-energetic-kids,Battery-Themed Matching Family T-Shirt Set – Super Tired Parents & Energetic Kids,Battery-Themed T-Shirt Set - Super Tired Parents & ... | DLM,81,60
need-more-family-matching-drink-t-shirt-set-beer-coffee-milk-juice-family-outfit,"""Need More"" Family Matching Drink T-Shirt Set – Beer, Coffee, Milk & Juice Family Outfit","""Need More"" Drink T-Shirt Set - Beer, Coffee, Milk ... | DLM",88,60
family-matching-original-remix-encore-t-shirt-set-fun-family-outfits-for-all-ages,"Family Matching ""Original, Remix & Encore"" T-Shirt Set – Fun Family Outfits for All Ages","""Original, Remix & Encore"" T-Shirt Set - Fun Family... | DLM",88,60
daddy-baby-bestie-heart-matching-t-shirt-onesie-set-adorable-father-and-child-outfit,"Daddy & Baby ""Bestie Heart"" Matching T-Shirt & Onesie Set – Adorable Father and Child Outfit","Daddy & Baby ""Bestie Heart"" Matching T-Shirt & Ones... | DLM",92,60
daddy-baby-matching-daddysaurus-and-babysaurus-t-shirt-set-fun-dinosaur-dad-and-baby-outfit,"Daddy & Baby Matching ""Daddysaurus"" and ""Babysaurus"" T-Shirt Set – Fun Dinosaur Dad and Baby Outfit","Daddy & Baby Matching ""Daddysaurus"" and ""Babysaurus... | DLM",99,60
father-child-matching-striped-tie-t-shirt-set-dad-and-baby-toddler-outfits,Father & Child Matching Striped Tie T-Shirt Set – Dad and Baby/Toddler Outfits,Father & Child Matching Striped Tie T-Shirt Set - D... | DLM,78,60
daddy-me-beer-monster-milk-monster-matching-t-shirt-set,"Daddy & Me ""Beer Monster"" & ""Milk Monster"" Matching T-Shirt Set","Daddy & Me ""Beer Monster"" & ""Milk Monster"" Matching... | DLM",63,60
daddy-me-matching-family-t-shirt-set-heartfelt-father-child-bond-outfit,Daddy & Me Matching Family T-Shirt Set – Heartfelt Father-Child Bond Outfit,Daddy & Me T-Shirt Set - Heartfelt Father-Child Bon... | DLM,75,60
top-dad-and-top-son-matching-t-shirt-onesie-set-inspired-family-outfit,Top Dad and Top Son Matching T-Shirt & Onesie Set – Inspired Family Outfit,Top Dad and Top Son Matching T-Shirt & Onesie Set -... | DLM,74,60
father-and-baby-matching-ctrl-c-ctrl-v-t-shirt-set-copy-and-paste-duo,"Father and Baby Matching ""CTRL + C & CTRL + V"" T-Shirt Set – Copy and Paste Duo","Father and Baby Matching ""CTRL + C & CTRL + V"" T-Sh... | DLM",79,60
father-and-baby-matching-pizza-slice-t-shirts-whole-pizza-slice-set,"Father and Baby Matching Pizza Slice T-Shirts – ""Whole Pizza & Slice"" Set","Father and Baby Matching Pizza Slice T-Shirts - ""Wh... | DLM",73,60
father-baby-mr-fix-it-mr-broke-it-matching-t-shirt-onesie-set-perfect-gift-for-handy-dads,"Father & Baby ""Mr. Fix It"" & ""Mr. Broke It"" Matching T-Shirt & Onesie Set – Perfect Gift for Handy Dads","Father & Baby ""Mr. Fix It"" & ""Mr. Broke It"" Matchin... | DLM",103,60
father-baby-player-1-and-player-2-matching-t-shirt-onesie-set-perfect-gamer-dad-gift,"Father & Baby ""Player 1"" and ""Player 2"" Matching T-Shirt & Onesie Set – Perfect Gamer Dad Gift","Father & Baby ""Player 1"" and ""Player 2"" Matching T-... | DLM",94,60
father-baby-fuel-gauge-matching-t-shirt-onesie-set-daddy-baby-fuel-theme-outfit,"Father & Baby ""Fuel Gauge"" Matching T-Shirt & Onesie Set – Daddy & Baby Fuel Theme Outfit","Father & Baby ""Fuel Gauge"" Matching T-Shirt & Onesi... | DLM",89,60
father-baby-matching-big-trouble-and-little-trouble-t-shirt-onesie-set-playful-family-outfit,"Father & Baby Matching ""Big Trouble"" and ""Little Trouble"" T-Shirt & Onesie Set – Playful Family Outfit","Father & Baby Matching ""Big Trouble"" and ""Little Tr... | DLM",102,60
family-matching-t-shirt-set-with-colorful-heart-brushstroke-design,Family Matching T-Shirt Set with Colorful Heart Brushstroke Design,T-Shirt Set with Colorful Heart Brushstroke Design | DLM,66,56
mother-daughter-matching-navy-knit-cardigan-set-gingham-ruffle-trim-bow-accent,Mother-Daughter Matching Navy Knit Cardigan Set  Gingham Ruffle Trim & Bow Accent,Mother-Daughter Matching Navy Knit Cardigan Set Gin... | DLM,81,60
elegant-beige-chiffon-family-matching-dresses-mother-daughter-summer-outfits,Elegant Beige Chiffon Family Matching Dresses  Mother & Daughter Summer Outfits,Elegant Beige Chiffon Dresses Mother & Daughter Sum... | DLM,79,60
gradient-ombre-family-matching-outfits-pink-blue-t-shirts-with-white-shorts-set,Gradient Ombre Family Matching Outfits  Pink & Blue T-Shirts with White Shorts Set,Gradient Ombre Outfits Pink & Blue T-Shirts with Wh... | DLM,82,60
vibrant-rainbow-family-matching-outfits-striped-t-shirts-and-yellow-overalls-set-for-family-outings,Vibrant Rainbow Family Matching Outfits  Striped T-Shirts and Yellow Overalls Set for Family Outings,Vibrant Rainbow Outfits Striped T-Shirts and Yellow... | DLM,100,60
green-and-white-matching-family-outfits-stylish-floral-print-family-set-for-parents-and-kids,Green and White Matching Family Outfits  Stylish Floral Print Family Set for Parents and Kids,Green and White Outfits Stylish Floral Print Family... | DLM,93,60
stylish-blue-sleeveless-mommy-and-me-dress-set-with-bow-detail-perfect-for-summer-outings,Stylish Blue Sleeveless Mommy and Me Dress Set with Bow Detail  Perfect for Summer Outings,Stylish Blue Sleeveless Dress Set with Bow Detail P... | DLM,90,60
elegant-floral-off-shoulder-mommy-and-me-dress-set-perfect-for-summer-outings,Elegant Floral Off-Shoulder Mommy and Me Dress Set  Perfect for Summer Outings,Elegant Floral Off-Shoulder Dress Set Perfect for S... | DLM,78,60
vibrant-rainbow-maxi-dress-set-for-mom-and-daughter-colorful-summer-matching-outfits,Vibrant Rainbow Maxi Dress Set for Mom and Daughter  Colorful Summer Matching Outfits,Vibrant Rainbow Maxi Dress Set for Colorful Summer ... | DLM,85,60
cute-matching-mom-and-daughter-cartoon-pajama-set-fun-and-cozy-sleepwear,Cute Matching Mom and Daughter Cartoon Pajama Set - Fun and Cozy Sleepwear,Cute Matching Cartoon Pajama Set - Fun and Cozy Sle... | DLM,74,60
cozy-matching-black-white-striped-sweater-set-for-mom-and-daughter,Cozy Matching Black & White Striped Sweater Set for Mom and Daughter,Cozy Matching Black & White Striped Sweater Set for... | DLM,68,60
mother-daughter-matching-summer-dresses-vibrant-printed-sleeveless-maxi-dresses,Mother-Daughter Matching Summer Dresses  Vibrant Printed Sleeveless Maxi Dresses,Mother-Daughter Matching Summer Dresses Vibrant Pri... | DLM,80,60
matching-family-denim-button-up-shirts-casual-unisex-jean-jackets-for-parents-and-kids,Matching Family Denim Button-Up Shirts  Casual Unisex Jean Jackets for Parents and Kids,Denim Button-Up Shirts Casual Unisex Jean Jackets f... | DLM,87,60
matching-family-striped-fleece-hoodies-cozy-winter-pullover-for-parents-and-kids,Matching Family Striped Fleece Hoodies Cozy Winter Pullover for Parents and Kids,Striped Fleece Hoodies Cozy Winter Pullover for Par... | DLM,80,60
matching-family-tropical-floral-beach-outfits-navy-and-orange-flower-print-dresses-shirts-set,Matching Tropical Floral Beach Outfits  Navy and Orange Flower Print Dresses,Matching Tropical Floral Beach Outfits Navy and Ora... | DLM,76,60
matching-mother-and-daughter-beach-dresses-elegant-cream-chiffon-maxi-dress-set,Matching Mother and Daughter Beach Dresses  Elegant Cream Chiffon Maxi Dress Set,Matching Mother and Daughter Beach Dresses Elegant ... | DLM,80,60
matching-star-knit-sweater-dress-cozy-cream-family-outfit-for-mom-and-daughter,Matching Star Knit Sweater Dress  Cozy Cream Family Outfit for Mom and Daughter,Matching Star Knit Sweater Dress Cozy Cream Family ... | DLM,79,60
matching-color-block-knit-sweaters-vibrant-family-pullover-for-mom-and-kids,Matching Color-Block Knit Sweaters  Vibrant Family Pullover for Mom and Kids,Matching Color-Block Knit Sweaters Vibrant Family P... | DLM,76,60
matching-mother-and-daughter-heart-knit-cardigans-cream-and-black-sweaters-for-mommy-me,Matching Mother and Daughter Heart Knit Cardigans  Cream and Black Sweaters for Mommy & Me,Matching Mother and Daughter Heart Knit Cardigans C... | DLM,90,60
matching-family-heart-embroidery-cardigans-cream-and-red-knit-sweaters-for-parents-and-kids,Matching Family Heart Embroidery Cardigans  Cream and Red Knit Sweaters for Parents and Kids,Heart Embroidery Cardigans Cream and Red Knit Sweat... | DLM,92,60
matching-family-denim-jackets-classic-light-wash-jean-shirt-for-mom-dad-and-kids,"Matching Family Denim Jackets  Classic Light-Wash Jean Shirt for Mom, Dad, and Kids",Denim Jackets Classic Light-Wash Jean Shirt for Mom... | DLM,83,60
matching-family-red-stripe-knit-sweaters-half-zip-pullover-for-mom-dad-and-kids,"Matching Family Red Stripe Knit Sweaters  Half-Zip Pullover for Mom, Dad, and Kids","Red Stripe Knit Sweaters Half-Zip Pullover for Mom,... | DLM",82,60
matching-mommy-and-me-bear-striped-knit-sweaters-cozy-family-outfit-with-embroidered-bear-design,Matching Mommy and Me Bear Striped Knit Sweaters  Cozy Family Outfit with Embroidered Bear Design,Matching Bear Striped Knit Sweaters Cozy Family Out... | DLM,97,60
matching-family-striped-cardigans-navy-and-red-heart-embroidery-knit-sweaters-for-mom-dad-and-kids,"Matching Family Striped Cardigans  Navy and Red Heart Embroidery Knit Sweaters for Mom, Dad, and Kids",Striped Cardigans Navy and Red Heart Embroidery Kni... | DLM,101,60
matching-rainbow-striped-family-cardigans-cozy-good-mood-knit-sweaters-for-mom-and-kids,"Matching Rainbow Striped Family Cardigans  Cozy ""Good Mood"" Knit Sweaters for Mom and Kids","Matching Rainbow Striped Family Cardigans Cozy ""Goo... | DLM",90,60
elegant-matching-family-outfits-light-blue-halter-dresses-casual-t-shirt-set-for-summer,Elegant Matching Family Outfits  Light Blue Halter Dresses & Casual T-shirt Set for Summer,Elegant Outfits Light Blue Halter Dresses & Casual ... | DLM,90,60
tropical-matching-family-beach-outfits-colorful-leaf-print-summer-dresses-shorts-set,Tropical Matching Family Beach Outfits  Colorful Leaf Print Summer Dresses & Shorts Set,Tropical Beach Outfits Colorful Leaf Print Summer D... | DLM,87,60
matching-family-beach-outfits-holiday-palm-tree-print-summer-dresses-shorts-set,Matching Family Beach Outfits  Holiday Palm Tree Print Summer Dresses & Shorts Set,Beach Outfits Holiday Palm Tree Print Summer Dresse... | DLM,82,60
matching-family-yellow-beach-outfits-summer-vacation-dresses-shorts-set,Matching Family Yellow Beach Outfits  Summer Vacation Dresses & Shorts Set,Yellow Beach Outfits Summer Vacation Dresses & Shor... | DLM,74,60
matching-mommy-me-colorful-watercolor-maxi-dresses-sleeveless-summer-dress,Matching Mommy & Me Colorful Watercolor Maxi Dresses – Sleeveless Summer Dress Set,Matching Mommy & Me Colorful Watercolor Maxi Dresse... | DLM,82,60
matching-mommy-me-floral-strappy-back-maxi-dresses-summer-beach-outfit,Matching Mommy & Me Floral Strappy Back Maxi Dresses  Summer Beach Outfit,Matching Mommy & Me Floral Strappy Back Maxi Dresse... | DLM,73,60
matching-mommy-me-smocked-sundresses-vibrant-floral-and-patterned-summer-dresses,Matching Mommy & Me Smocked Sundresses  Vibrant Floral and Patterned Summer Dresses,Matching Mommy & Me Smocked Sundresses Vibrant Flor... | DLM,83,60
matching-mommy-me-sunflower-maxi-dresses-sleeveless-floral-print-summer-dress,Matching Mommy & Me Sunflower Maxi Dresses  Sleeveless Floral Print Summer Dress,Matching Mommy & Me Sunflower Maxi Dresses Sleevele... | DLM,80,60
matching-mommy-me-plaid-flannel-shirts-cozy-button-up-jackets-for-fall,Matching Mommy & Me Plaid Flannel Shirts Cozy Button-Up Jackets for Fall,Matching Mommy & Me Plaid Flannel Shirts Cozy Butto... | DLM,72,60
mommy-and-me-matching-yellow-sleeveless-maxi-dress-vibrant-summer-beach-dress-for-mother-daughter,Mommy and Me Matching Yellow Sleeveless Maxi Dress  Vibrant Summer Beach Dress for Mother & Daughter,Matching Yellow Sleeveless Maxi Dress Vibrant Summe... | DLM,100,60
mommy-and-me-matching-pink-sleeveless-summer-dress-elegant-sundress-for-mother-daughter,Mommy and Me Matching Pink Sleeveless Summer Dress  Elegant Sundress for Mother & Daughter,Matching Pink Sleeveless Summer Dress Elegant Sundr... | DLM,90,60
family-matching-floral-shirt-and-dress-a-charming-and-coordinated-look,Family Matching Floral Shirt and Dress - A Charming and Coordinated Look,Floral Shirt and Dress - A Charming and Coordinated... | DLM,72,60
dynamic-duo-father-and-son-matching-swim-trunks-family-beachwear-set,"Dynamic Duo"" Father and Son Matching Swim Trunks - Family Beachwear Set","Dynamic Duo"" Father and Son Matching Swim Trunks - ... | DLM",71,60
tropical-flair-father-and-son-matching-swim-trunks-flamingo-and-foliage-print,Tropical Flair Father and Son Matching Swim Trunks  Flamingo and Foliage Print,Tropical Flair Father and Son Matching Swim Trunks ... | DLM,78,60
father-and-son-matching-swim-trunks-elegant-blue-and-white-paisley-design-quick-dry-beachwear,"Father and Son Matching Swim Trunks - Elegant Blue and White Paisley Design, Quick Dry Beachwear",Father and Son Matching Swim Trunks - Elegant Blue ... | DLM,96,60
father-and-son-matching-swim-trunks-bold-cow-print-family-beachwear,"Father and Son Matching Swim Trunks - Bold Cow Print, Family Beachwear",Father and Son Matching Swim Trunks - Bold Cow Prin... | DLM,70,60
father-and-son-matching-swim-trunks-tropical-paradise-red-and-green-print,Father and Son Matching Swim Trunks - Tropical Paradise Red and Green Print,Father and Son Matching Swim Trunks - Tropical Para... | DLM,75,60
father-and-son-matching-swim-trunks-classic-paisley-pattern-in-blue-and-yellow,Father and Son Matching Swim Trunks - Classic Paisley Pattern in Blue and Yellow,Father and Son Matching Swim Trunks - Classic Paisl... | DLM,80,60
father-and-son-matching-swim-trunks-tropical-floral-print-family-swimwear,Father and Son Matching Swim Trunks - Tropical Floral Print Family Swimwear,Father and Son Matching Swim Trunks - Tropical Flor... | DLM,75,60
mother-daughter-matching-swim-set-abstract-print-two-piece-high-waisted-bikini-with-wrap-skirt,Mother & Daughter Matching Swim Set - Abstract Print Two-Piece High-Waisted Bikini with Wrap Skirt,Mother & Daughter Matching Swim Set - Abstract Prin... | DLM,98,60
elegant-mother-daughter-matching-one-piece-swimsuit-with-patterned-mesh-skirt-family-beachwear-set,Elegant Mother Daughter Matching One-Piece Swimsuit with Patterned Mesh Skirt  Family Beachwear Set,Elegant Mother Daughter Matching One-Piece Swimsuit... | DLM,99,60
chic-family-tides-mother-daughter-matching-two-piece-swimsuit-with-skirt-vibrant-versatile-swimwear-collection,Chic Family Tides: Mother & Daughter Matching Two-Piece Swimsuit with Skirt - Vibrant & Versatile Swimwear Collection,Chic Family Tides: Mother & Daughter Matching Two-P... | DLM,117,60
chic-family-bonding-mother-daughter-matching-swimsuit-set-with-long-sleeved-cover-up,Chic Family Bonding - Mother & Daughter Matching Swimsuit Set with Long-Sleeved Cover-Up,Chic Family Bonding - Mother & Daughter Matching Sw... | DLM,88,60
chic-mother-daughter-matching-swimsuit-set-with-floral-cover-up-family-beachwear-collection,Chic Mother-Daughter Matching Swimsuit Set with Floral Cover-Up  Family Beachwear Collection,Chic Mother-Daughter Matching Swimsuit Set with Flo... | DLM,92,60
chic-two-piece-swimsuit-with-skirt-family-matching-swimwear-for-mother-and-daughter-available-in-blue-green-black,"Chic Two-Piece Swimsuit with Skirt  Family Matching Swimwear for Mother and Daughter  Available in Blue, Green, Black",Chic Two-Piece Swimsuit with Skirt Swimwear for Mot... | DLM,117,60
mommy-me-vibrant-duo-tone-one-piece-swimsuit-with-ring-accent-family-matching-swimwear-collection,"Mommy & Me"" Vibrant Duo-Tone One-Piece Swimsuit with Ring Accent Family Matching Swimwear Collection","Mommy & Me"" Vibrant Duo-Tone One-Piece Swimsuit wit... | DLM",100,60
chic-color-block-one-piece-swimsuit-for-mother-daughter-vibrant-sleek-beachwear,Chic Color-Block One-Piece Swimsuit for Mother & Daughter  Vibrant & Sleek Beachwear,Chic Color-Block One-Piece Swimsuit for Mother & Da... | DLM,84,60
chic-two-piece-swimsuit-set-ruffle-detail-top-and-high-waisted-bottoms-in-four-vibrant-colors,Chic Two-Piece Swimsuit Set  Ruffle Detail Top and High-Waisted Bottoms in Four Vibrant Colors,Chic Two-Piece Swimsuit Set Ruffle Detail Top and H... | DLM,94,60
chic-mother-daughter-two-piece-swimsuit-family-matching-swimwear-in-vibrant-colors,Chic Mother-Daughter Two-Piece Swimsuit - Family Matching Swimwear in Vibrant Colors,Chic Mother-Daughter Two-Piece Swimsuit - Swimwear ... | DLM,84,60
chic-tropical-one-shoulder-ruffle-swimsuit-set-for-mother-and-daughter-vibrant-floral-pattern-with-comfort-stretch,Chic Tropical One-Shoulder Ruffle Swimsuit Set for Mother and Daughter  Vibrant Floral Pattern with Comfort Stretch,Chic Tropical One-Shoulder Ruffle Swimsuit Set for ... | DLM,115,60
modern-cow-print-tankini-swimsuit-set-for-mother-and-daughter-stylish-high-waisted-swimwear-with-ruffle-detail,Modern Cow Print Tankini Swimsuit Set for Mother and Daughter  Stylish High-Waisted Swimwear with Ruffle Detail,Modern Cow Print Tankini Swimsuit Set for Mother an... | DLM,111,60
chic-floral-ruffle-one-shoulder-swimsuit-for-women-and-girls-elegant-asymmetrical-swimwear-set-in-vibrant-tropics-print,Chic Floral Ruffle One-Shoulder Swimsuit for Women and Girls  Elegant Asymmetrical Swimwear Set in Vibrant Tropics Print,Chic Floral Ruffle One-Shoulder Swimsuit for Women ... | DLM,120,60
nautical-charm-flamingo-print-one-piece-swimsuits-for-mother-daughter,Nautical Charm Flamingo Print One-Piece Swimsuits for Mother & Daughter,Nautical Charm Flamingo Print One-Piece Swimsuits f... | DLM,71,60
mother-daughter-pastel-mermaid-scales-swimsuit-with-frill-detail,Mother & Daughter Pastel Mermaid Scales Swimsuit with Frill Detail,Mother & Daughter Pastel Mermaid Scales Swimsuit wi... | DLM,66,60
elegant-long-sleeve-leopard-print-swimsuit-for-mother-and-daughter,Elegant Long-Sleeve Leopard Print Swimsuit for Mother and Daughter,Elegant Long-Sleeve Leopard Print Swimsuit for Moth... | DLM,66,60
chic-tropical-floral-high-neck-swimsuit-set-for-women-and-girls-zippered-sleeveless-quick-dry-swimwear,"Chic Tropical Floral High-Neck Swimsuit Set for Women and Girls - Zippered, Sleeveless, Quick-Dry Swimwear",Chic Tropical Floral High-Neck Swimsuit Set for Wom... | DLM,106,60
tropical-one-shoulder-ruffle-swimsuit-for-women-and-girls-vibrant-floral-print-asymmetrical-design-family-matching-swimwear,"Tropical One-Shoulder Ruffle Swimsuit for Women and Girls - Vibrant Floral Print, Asymmetrical Design, Family Matching Swimwear",Tropical One-Shoulder Ruffle Swimsuit for Women and... | DLM,127,60
elegant-tropical-high-waisted-swimsuit-set-for-mother-and-daughter-radiant-red-halter-neck-design,Elegant Tropical High-Waisted Swimsuit Set for Mother and Daughter  Radiant Red Halter Neck Design,Elegant Tropical High-Waisted Swimsuit Set for Moth... | DLM,98,60
chic-striped-one-piece-swimsuit-with-playful-ruffle-detail-a-duo-of-elegance-for-mother-daughter,Chic Striped One-Piece Swimsuit with Playful Ruffle Detail - A Duo of Elegance for Mother & Daughter,Chic Striped One-Piece Swimsuit with Playful Ruffle... | DLM,100,60
elegant-blue-and-white-floral-one-piece-swimsuit-timeless-style-for-mother-and-daughter,Elegant Blue and White Floral One-Piece Swimsuit - Timeless Style for Mother and Daughter,Elegant Blue and White Floral One-Piece Swimsuit - ... | DLM,89,60
modern-monochrome-one-shoulder-swimsuit-with-animal-print-ruffle-elegant-poolside-duo-for-mother-and-child,Modern Monochrome One-Shoulder Swimsuit with Animal Print Ruffle - Elegant Poolside Duo for Mother and Child,Modern Monochrome One-Shoulder Swimsuit with Animal... | DLM,108,60
chic-leopard-print-one-piece-swimsuit-with-ruffle-accent-timeless-mother-daughter-beachwear,Chic Leopard Print One-Piece Swimsuit with Ruffle Accent - Timeless Mother & Daughter Beachwear,Chic Leopard Print One-Piece Swimsuit with Ruffle A... | DLM,95,60
vibrant-halter-neck-one-piece-swimsuit-with-waist-tie-detail-mother-daughter-matching-swimwear-in-exquisite-baroque-print,Vibrant Halter Neck One-Piece Swimsuit with Waist Tie Detail - Mother & Daughter Matching Swimwear in Exquisite Baroque Print,Vibrant Halter Neck One-Piece Swimsuit with Waist T... | DLM,125,60
chic-tropical-ruffle-one-piece-swimsuit-lush-botanical-print-with-elegant-solid-trim-for-mother-child,Chic Tropical Ruffle One-Piece Swimsuit - Lush Botanical Print with Elegant Solid Trim for Mother & Child,Chic Tropical Ruffle One-Piece Swimsuit - Lush Bota... | DLM,105,60
vibrant-one-shoulder-rainbow-trim-swimsuit-set-chic-monochrome-blue-with-colorful-accents-for-mother-daughter,Vibrant One-Shoulder Rainbow Trim Swimsuit Set - Chic Monochrome Blue with Colorful Accents for Mother & Daughter,Vibrant One-Shoulder Rainbow Trim Swimsuit Set - Ch... | DLM,113,60
royal-blue-high-neck-halter-swimsuit-set-with-paisley-print-bottoms-elegant-family-beachwear,Royal Blue High-Neck Halter Swimsuit Set with Paisley Print Bottoms - Elegant Family Beachwear,Royal Blue High-Neck Halter Swimsuit Set with Paisl... | DLM,94,60
chic-ocean-blue-mother-daughter-swimsuit-duo-stylish-ruffle-top-with-paisley-high-waisted-bottoms,Chic Ocean Blue Mother-Daughter Swimsuit Duo  Stylish Ruffle Top with Paisley High-Waisted Bottoms,Chic Ocean Blue Mother-Daughter Swimsuit Duo Stylis... | DLM,98,60
enchanting-mermaid-scales-two-piece-swimsuit-set-for-mother-and-daughter-rainbow-hues-with-flirty-skirt-detail,Enchanting Mermaid Scales Two-Piece Swimsuit Set for Mother and Daughter - Rainbow Hues with Flirty Skirt Detail,Enchanting Mermaid Scales Two-Piece Swimsuit Set fo... | DLM,112,60
chic-mother-daughter-one-shoulder-swimsuit-with-playful-ruffles-and-contrasting-stripes-nylon-polyester-blend,Chic Mother-Daughter One-Shoulder Swimsuit with Playful Ruffles and Contrasting Stripes - Nylon & Polyester Blend,Chic Mother-Daughter One-Shoulder Swimsuit with Pla... | DLM,113,60
chic-one-shoulder-striped-ruffle-swimsuit-for-women-and-girls-elegant-monokini-with-side-tie,Chic One-Shoulder Striped Ruffle Swimsuit for Women and Girls - Elegant Monokini with Side Tie,Chic One-Shoulder Striped Ruffle Swimsuit for Women... | DLM,94,60
elegant-chocolate-brown-monokini-for-mother-daughter-duo-sleek-halter-neckline-with-playful-polka-dot-tie-sides,Elegant Chocolate Brown Monokini for Mother & Daughter Duo - Sleek Halter Neckline with Playful Polka Dot Tie Sides,Elegant Chocolate Brown Monokini for Mother & Daugh... | DLM,115,60
elegant-mother-daughter-matching-summer-dress-ruffled-layered-chiffon-with-sequin-embellishments,Elegant Mother & Daughter Matching Summer Dress - Ruffled Layered Chiffon with Sequin Embellishments,Elegant Mother & Daughter Matching Summer Dress - R... | DLM,100,60
elegant-chiffon-sleeveless-dress-with-sequin-detail-mother-and-daughter-matching-outfits,Elegant Chiffon Sleeveless Dress with Sequin Detail - Mother and Daughter Matching Outfits,Elegant Chiffon Sleeveless Dress with Sequin Detail... | DLM,90,60
chic-family-matching-sleeveless-dresses-ruffled-hem-mother-daughter-summer-outfit,Mommy and Me Matching Sequin Lace Tulle Dresses with Crisscross Straps,Matching Sequin Lace Tulle Dresses with Crisscross ... | DLM,70,60
elegant-black-ruffle-dress-chic-sleeveless-layered-dress-for-mother-and-daughter-perfect-for-parties-and-events,"Elegant Black Ruffle Dress - Chic Sleeveless Layered Dress for Mother and Daughter, Perfect for Parties and Events",Elegant Black Ruffle Dress - Chic Sleeveless Layere... | DLM,114,60
mommy-and-me-matching-silver-asymmetrical-chiffon-dresses-with-strappy-backs,Mommy and Me Matching Silver Asymmetrical Chiffon Dresses with Strappy Backs,Matching Silver Asymmetrical Chiffon Dresses with S... | DLM,76,60
mommy-and-me-matching-pink-tie-dye-pleated-maxi-dresses-with-adjustable-straps,Mommy and Me Matching Pink Tie-Dye Pleated Maxi Dresses with Adjustable Straps,Matching Pink Tie-Dye Pleated Maxi Dresses with Adj... | DLM,78,60
mommy-and-me-checkered-sweater-vest-matching-family-outfits,Mommy and Me Checkered Sweater Vest - Matching Family Outfits,Checkered Sweater Vest - Outfits | Mommy and Me | DLM,61,53
mother-daughter-matching-floral-knit-sweater-vest-pink-brown-retro-style,Mother-Daughter Matching Floral Knit Sweater Vest – Pink & Brown Retro Style,Mother-Daughter Matching Floral Knit Sweater Vest -... | DLM,76,60
parent-child-rainbow-bear-autumn-sweater,Mother-Daughter Matching Rainbow Striped Sweater with 3D Teddy Bear Details,Mother-Daughter Matching Rainbow Striped Sweater wi... | DLM,75,60
family-matching-shirt-and-dress-set-yellow-floral-for-a-springtime-look,Family Matching Shirt and Dress Set: Yellow Floral for a Springtime Look,Shirt and Dress Set: Yellow Floral for a Springtime... | DLM,72,60
boho-chic-family-matching-outfit-flowy-skirts-and-paisley-shirts,Boho Chic Family Matching Outfit - Flowy Skirts and Paisley Shirts,Boho Chic Outfit - Flowy Skirts and Paisley Shirts | DLM,66,56
tropical-vibes-matching-family-hawaiian-shirt-and-floral-dress,Tropical Vibes: Matching Family Hawaiian Shirt and Floral Dress,Tropical Vibes: Hawaiian Shirt and Floral Dress | DLM,63,53
family-matching-outfits-floral-dresses-and-shorts-with-a-touch-of-fun,Family Matching Outfits - Floral Dresses and Shorts with a Touch of Fun,Outfits - Floral Dresses and Shorts with a Touch of... | DLM,71,60
family-matching-dresses-and-t-shirts-show-your-family-spirit,Family Matching Dresses and T-Shirts: Show Your Family Spirit,Dresses and T-Shirts: Show Your Family Spirit | DLM,61,51
family-matching-outfits-the-perfect-way-to-show-your-aloha-spirit,Family Matching Outfits: The Perfect Way to Show Your Aloha Spirit,Outfits: The Perfect Way to Show Your Aloha Spirit | DLM,66,56
family-matching-outfits-white-dresses-with-green-leaves-and-matching-shirts,Family Matching Outfits - White Dresses with Green Leaves and Matching Shirts,Outfits - White Dresses with Green Leaves and Match... | DLM,77,60
family-matching-beach-dress-and-shirt-set-light-blue-floral-hawaiian-print,Family Matching Beach Dress and Shirt Set - Light Blue Floral Hawaiian Print,Beach Dress and Shirt Set - Light Blue Floral Hawai... | DLM,76,60
family-matching-dress-and-t-shirt-set-summer-fun-for-the-whole-family,Family Matching Dress and T-Shirt Set - Summer Fun for the Whole Family!,Dress and T-Shirt Set - Summer Fun for the Whole Fa... | DLM,72,60
family-matching-set-cute-and-stylish-outfits-for-mothers-fathers-and-children,"Family Matching Set - Cute and Stylish Outfits for Mothers, Fathers, and Children","Set - Cute and Stylish Outfits for Mothers, Fathers... | DLM",81,60
father-son-matching-hawaiian-floral-shirts,Dad and Son Matching Hawaiian Floral Shirts: Perfect for Father-Son Bonding,Dad and Son Matching Hawaiian Floral Shirts: Perfec... | DLM,75,60
mommy-daughter-matching-tie-dye-dress,Matching Mommy & Me Pastel Tie-Dye Ruffle Dresses – Flutter Sleeve Smocked Set,Matching Mommy & Me Pastel Tie-Dye Ruffle Dresses -... | DLM,78,60
family-matching-christmas-deer-snowflake-pjs,Matching Family Christmas Pajamas - Nordic Reindeer Print Holiday PJs Set for All Ages,Christmas Pajamas - Nordic Reindeer Print Holiday P... | DLM,86,60
mommy-me-matching-solid-long-dress,Matching Mommy & Me Sleeveless Ruffle Dresses – Soft Cotton Summer Set with Baby Romper,Matching Mommy & Me Sleeveless Ruffle Dresses - Sof... | DLM,87,60
matching-family-christmas-pajamas-with-reindeer-print-plaid-pants-holiday-sleepwear-set-for-the-whole-family-including-pets,"Matching Family Christmas Pajamas with Reindeer Print & Plaid Pants - Holiday Sleepwear Set for the Whole Family, Including Pets",Christmas Pajamas with Reindeer Print & Plaid Pants... | DLM,128,60
family-matching-oregon-ducks-hoodies-cozy-sweatshirts-for-parents-and-kids,Family Matching Oregon Ducks Hoodies – Cozy Sweatshirts for Parents and Kids,Oregon Ducks Hoodies - Cozy Sweatshirts for Parents... | DLM,76,60
mommy-and-me-matching-floral-print-jumpsuits-sleeveless-and-long-sleeve-options,Mommy and Me Matching Floral Print Jumpsuits – Sleeveless and Long-Sleeve Options,Matching Floral Print Jumpsuits - Sleeveless and Lo... | DLM,81,60
family-matching-dinosaur-sweatshirt-set-cute-what-are-you-doing-design-in-multiple-colors,"Family Matching Dinosaur Sweatshirt Set - Cute ""What Are You Doing?"" Design in Multiple Colors","Dinosaur Sweatshirt Set - Cute ""What Are You Doing?... | DLM",94,60
mother-and-daughter-classic-floral-dress,Matching Mommy & Me Floral Smocked Midi Dresses – Short Sleeve Summer Dress Set,Matching Mommy & Me Floral Smocked Midi Dresses - S... | DLM,79,60
daddy-me-my-best-lady-my-best-man,"Matching Daddy & Baby ""My Best Lady"" and ""My Best Man"" T-Shirt Set – Father and Baby Outfit","Matching Daddy & Baby ""My Best Lady"" and ""My Best M... | DLM",91,60
father-and-child-pilot-co-pilot-matching-t-shirt-set-perfect-for-daddy-me-outfits,"Father and Child ""Pilot & Co-Pilot"" Matching T-Shirt Set – Perfect for Daddy & Me Outfits","Father and Child ""Pilot & Co-Pilot"" Matching T-Shir... | DLM",89,60
mom-girl-flower-prints-stripes,Mommy and Me Matching Floral and Striped Long Sleeve A-Line Dresses,Matching Floral and Striped Long Sleeve A-Line Dresses | DLM,67,60
floral-print-maternity-photography-bodysuits-slash-neck-floral-ruffles,Floral Print Maternity Photography Bodysuits Slash Neck Floral Ruffles,Floral Print Maternity Photography Bodysuits Slash ... | DLM,70,60
chiffon-shoulder-less-maternity-dresses-for-photo-shoot-white-front-open,Chiffon Shoulder-less Maternity Dresses for Photo Shoot White Front Open,Chiffon Shoulder-less Maternity Dresses for Photo S... | DLM,72,60
maternity-photography-props-maxi-dresses-see-through-eyelashes-lace,Maternity Photography Props Maxi Dresses See Through Eyelashes Lace,Maternity Photography Props Maxi Dresses See Throug... | DLM,67,60
maternity-long-dress-with-chiffon-cloak-short-sleeve-sweet-heart,Maternity Long Dress with Chiffon Cloak Short Sleeve Sweet Heart,Maternity Long Dress with Chiffon Cloak Short Sleev... | DLM,64,60
lace-long-sleeve-maternity-photography-props-dresses-for-pregnant-women,Lace Long Sleeve Maternity Photography Props Dresses For Pregnant Women,Lace Long Sleeve Maternity Photography Props Dresse... | DLM,71,60
matching-family-smile-hoodies-cute-comfortable-sweatshirts-for-parents-and-kids,Matching Family Smile Hoodies – Cute & Comfortable Sweatshirts for Parents and Kids,Smile Hoodies - Cute & Comfortable Sweatshirts for ... | DLM,83,60
family-matching-christmas-buffalo-plaid-onesies-with-flap-cozy-red-black-pajamas,Family Matching Christmas Buffalo Plaid Onesies with Flap - Cozy Red & Black Pajamas,Christmas Buffalo Plaid Onesies with Flap - Cozy Re... | DLM,84,60
mommy-me-matching-red-dress,Matching Mommy & Me Red Ruffle Jumpsuits – Stylish Sleeveless Summer Outfit,Matching Mommy & Me Red Ruffle Jumpsuits - Stylish ... | DLM,75,60
mommy-me-cotton-silk-princess-pajamas,Mother-Daughter Matching Long White Nightgown – Elegant Ruffle Trim Sleep Dress,Mother-Daughter Matching Long White Nightgown - Ele... | DLM,79,60
one-shoulder-matching-swimsuit,Matching Mother-Daughter Floral Ruffle One-Shoulder Cutout Swimsuit – Pink and Red,Matching Mother-Daughter Floral Ruffle One-Shoulder... | DLM,82,60
matching-heart-t-shirt-mommy-me,"Family Matching ""Bestie"" Heart T-Shirt Set - Available in Red, White, and Black","""Bestie"" Heart T-Shirt Set - Available in Red, Whit... | DLM",79,60
daddy-and-me-original-remix-t-shirt,"Father & Baby Matching ""The Original"" and ""The Remix"" T-Shirt  – Cute Family Outfit","Father & Baby Matching ""The Original"" and ""The Remi... | DLM",83,60
matching-father-and-child-me-mini-me-t-shirt-set-adorable-dad-and-kid-outfit,"Matching Father and Child ""Me & Mini Me"" T-Shirt Set – Adorable Dad and Kid Outfit","Matching Father and Child ""Me & Mini Me"" T-Shirt Se... | DLM",82,60
mommy-me-angels-wing-swimsuit,Matching Angel Wings Swimsuit for Mother & Daughter – Elegant One-Piece Bathing Suit,Matching Angel Wings Swimsuit for Mother & Daughter... | DLM,84,60
mommy-and-me-matching-coral-and-floral-print-sleeveless-maxi-dresses,Mommy and Me Matching Coral and Floral Print Sleeveless Maxi Dresses,Matching Coral and Floral Print Sleeveless Maxi Dre... | DLM,68,60
mother-daughter-matching-deer-print-party-dress,Mommy and Me Matching Floral Antler Print Crisscross Dresses with Pockets,Matching Floral Antler Print Crisscross Dresses wit... | DLM,73,60
mommy-and-me-matching-floral-long-sleeve-maxi-dresses-with-pockets,Mommy and Me Matching Floral Long-Sleeve Maxi Dresses with Pockets,Matching Floral Long-Sleeve Maxi Dresses with Pockets | DLM,66,59
matching-ruffle-high-waist-bikini,Matching Mother-Daughter Tropical Leaf Ruffle Bikini Set - High-Waisted Swimsuit with Headband,Matching Mother-Daughter Tropical Leaf Ruffle Bikin... | DLM,94,60
matching-asymmetric-ruffle-bikini-swimsuit,Matching Mother-Daughter Flowy Tankini Swimsuit Set – Floral Print & High-Waisted Bottoms,Matching Mother-Daughter Flowy Tankini Swimsuit Set... | DLM,89,60
mommy-and-me-matching-rainbow-stripe-jumpsuit-set-strapless-for-moms-tie-knot-for-girls,Mommy and Me Matching Rainbow Stripe Jumpsuit Set – Strapless for Moms & Tie-Knot for Girls,Matching Rainbow Stripe Jumpsuit Set - Strapless fo... | DLM,91,60
