Handle,Original Title,New SEO Title,Orig Len,New Len
matching-family-christmas-sweater-red-rocking-horse-knit-top,Matching Family Christmas Sweater  Red Rocking Horse Knit Top,Christmas Sweater Red Rocking Horse Knit Top | DLM,61,50
family-matching-outfit-set-mom-cardigan-kids-tops-baby-romper,"Family Matching Outfit Set – Mom Cardigan, Kids Tops & Baby Romper","Outfit Set – Mom Cardigan, Kids Tops & Baby Romper | DLM",66,56
family-matching-fleece-loungewear-sets-cozy-two-piece-pajamas-for-mom-and-kids,Family Matching Fleece Loungewear Sets  Cozy Two-Piece Pajamas for Mom and Kids,Fleece Loungewear Sets Two-Piece Pajamas | DLM,79,46
reversible-faux-suede-mid-length-coat-family-matching-outfits-for-mom-daughter-and-siblings,"Reversible Faux Suede Mid-Length Coat – Family Matching Outfits for Mom, Daughter, and Siblings",Reversible Faux Suede Mid-Length Coat – Outfits | DLM,95,53
family-matching-faux-shearling-jackets-warm-winter-suede-coats,Family Matching Faux Shearling Jackets – Warm Winter Suede Coats,Faux Shearling Jackets – Warm Winter Suede Coats | DLM,64,54
family-matching-oversized-heart-patch-sweaters-trendy-streetwear-style,Family Matching Oversized Heart Patch Sweaters – Trendy Streetwear Style,Oversized Heart Patch Sweaters – Streetwear Style | DLM,72,55
family-matching-argyle-sweaters-classic-knit-unisex-pullovers,Family Matching Argyle Sweaters – Classic Knit Unisex Pullovers,Argyle Sweaters – Knit Unisex Pullovers | DLM,63,45
family-matching-red-cable-knit-cardigans-elegant-heart-button-design,Family Matching Red Cable Knit Cardigans – Elegant Heart-Button Design,Red Cable Knit Cardigans – Heart-Button Design | DLM,70,52
family-matching-cable-knit-sweaters-heart-embroidered-unisex-pullovers,Family Matching Cable Knit Sweaters  Heart Embroidered Unisex Pullovers,Cable Knit Sweaters Heart Embroidered Unisex Pullovers | DLM,71,60
colorful-geometric-knitted-sweater-unisex-retro-oversized-pullover,Colorful Geometric Knitted Sweater  Unisex Retro Oversized Pullover,Colorful Geometric Knitted Sweater Unisex Retro | DLM,67,53
matching-family-christmas-sweaters-black-with-festive-red-reindeer-and-snowflake-design,Matching Family Christmas Sweaters – Black with Festive Red Reindeer and Snowflake Design,Christmas Sweaters – Black | DLM,89,32
matching-family-christmas-sweaters-festive-red-with-reindeer-and-snowflake-pattern,Matching Family Christmas Sweaters – Festive Red with Reindeer and Snowflake Pattern,Christmas Sweaters – Red | DLM,84,30
matching-family-colorblock-knit-sweaters-cozy-red-with-modern-style,Matching Family Colorblock Knit Sweaters – Cozy Red with Modern Style,Colorblock Knit Sweaters – Red with Style | DLM,69,47
matching-family-faux-leather-jackets-trendy-and-versatile-outerwear,Matching Family Faux Leather Jackets – Trendy and Versatile Outerwear,Faux Leather Jackets – and Versatile Outerwear | DLM,69,52
family-matching-reindeer-christmas-sweatshirts-festive-winter-style,Family Matching Reindeer Christmas Sweatshirts – Festive Winter Style,Reindeer Christmas Sweatshirts – Winter Style | DLM,69,51
family-matching-christmas-t-shirts-plaid-leopard-tree-design,Family Matching Christmas T-Shirts – Plaid & Leopard Tree Design,Christmas T-Shirts – Plaid & Leopard Tree Design | DLM,64,54
family-matching-christmas-t-shirts-dad-mom-baby-santa-hat-design,"Family Matching Christmas T-Shirts – ""Dad, Mom, Baby"" Santa Hat Design","Christmas T-Shirts – ""Dad, Mom, Baby"" Santa Hat Design | DLM",70,60
family-matching-christmas-t-shirts-peek-a-boo-reindeer-design,Family Matching Christmas T-Shirts – Peek-A-Boo Reindeer Design,Christmas T-Shirts – Peek-A-Boo Reindeer Design | DLM,63,53
family-matching-christmas-t-shirts-adorable-reindeer-design,Family Matching Christmas T-Shirts – Adorable Reindeer Design,Christmas T-Shirts – Reindeer Design | DLM,61,42
matching-family-christmas-t-shirts-santa-reindeer-graphic-tees,Matching Family Christmas T-Shirts – Santa & Reindeer Graphic Tees,Christmas T-Shirts – Santa & Reindeer Graphic Tees | DLM,66,56
matching-family-christmas-pajamas-festive-joy-love-peace-polar-bear-set,"Matching Family Christmas Pajamas – Festive ""Joy, Love, Peace"" Polar Bear Set","Christmas Pajamas – ""Joy, Love, Peace"" Polar Bear Set | DLM",77,59
matching-family-christmas-pajamas-fun-grinch-inspired-holiday-set,Matching Family Christmas Pajamas – Fun Grinch-Inspired Holiday Set,Christmas Pajamas – Grinch-Inspired Holiday Set | DLM,67,53
matching-family-christmas-pajamas-festive-christmas-tree-holiday-print-set,Matching Family Christmas Pajamas – Festive Christmas Tree & Holiday Print Set,Christmas Pajamas – Christmas Tree & Holiday Print Set | DLM,78,60
matching-family-christmas-pajamas-polar-bear-santa-holiday-set,Matching Family Christmas Pajamas – Polar Bear & Santa Holiday Set,Christmas Pajamas – Polar Bear & Santa Holiday Set | DLM,66,56
matching-family-christmas-pajamas-ho-ho-ho-santa-holiday-set,"Matching Family Christmas Pajamas – ""Ho Ho Ho"" Santa Holiday Set","Christmas Pajamas – ""Ho Ho Ho"" Santa Holiday Set | DLM",64,54
family-christmas-pajamas-festive-dancing-santa-matching-holiday-set,Family Christmas Pajamas – Festive Dancing Santa Matching Holiday Set,Family Christmas Pajamas – Dancing Santa Holiday Set | DLM,69,58
matching-family-christmas-pajamas-we-are-family-plaid-holiday-set,"Matching Family Christmas Pajamas – ""We Are Family"" Plaid Holiday Set","Christmas Pajamas – ""We Are Family"" Plaid Holiday Set | DLM",69,59
matching-teddy-bear-heart-fluffy-pajama-set-for-mother-daughter,Matching Teddy Bear & Heart Fluffy Pajama Set for Mother & Daughter,Teddy Bear & Heart Fluffy Pajama Set | DLM,67,42
matching-family-fluffy-bunny-loungewear-set-cozy-pink-pajamas,Matching Family Fluffy Bunny Loungewear Set – Cozy Pink Pajamas,Fluffy Bunny Loungewear Set – Pink Pajamas | DLM,63,48
matching-family-christmas-t-shirts-santa-snowman-festive-holiday-design,Matching Family Christmas T-Shirts – Santa & Snowman Festive Holiday Design,Christmas T-Shirts – Santa & Snowman Holiday Design | DLM,75,57
matching-family-christmas-t-shirts-adorable-reindeer-print-with-holiday-wishes,Matching Family Christmas T-Shirts – Adorable Reindeer Print with Holiday Wishes,Christmas T-Shirts – Reindeer Print | DLM,80,41
merry-christmas-matching-family-t-shirts-festive-snowman-santa-and-elf-holiday-tops,"Merry Christmas Matching Family T-Shirts – Festive Snowman, Santa, and Elf Holiday Tops","Merry Christmas T-Shirts – Snowman, Santa, and Elf | DLM",87,56
merry-christmas-matching-family-t-shirts-festive-holiday-outfit-in-multiple-colors,Merry Christmas Matching Family T-Shirts – Festive Holiday Outfit in Multiple Colors,Merry Christmas T-Shirts – Holiday Outfit in Multiple | DLM,84,59
dabbing-santa-matching-family-christmas-t-shirts-fun-holiday-outfits-for-all,Dabbing Santa Matching Family Christmas T-Shirts – Fun Holiday Outfits for All,Dabbing Santa Christmas T-Shirts – Holiday Outfits | DLM,78,56
family-matching-christmas-pajama-set-festive-santa-gnome-print-in-red-and-grey-with-cozy-nordic-pattern-pants,Family Matching Christmas Pajama Set - Festive Santa Gnome Print in Red and Grey with Cozy Nordic Pattern Pants,Christmas Pajama Set - Santa Gnome Print in Red and | DLM,111,57
family-matching-christmas-pajama-set-festive-happy-holidays-snowman-reindeer-print-with-red-cuffs,"Family Matching Christmas Pajama Set - Festive ""Happy Holidays"" Snowman & Reindeer Print with Red Cuffs","Christmas Pajama Set - ""Happy Holidays"" Snowman & | DLM",103,55
family-matching-christmas-pajama-set-cute-santa-reindeer-print-in-white-with-festive-red-accents,Family Matching Christmas Pajama Set - Cute Santa & Reindeer Print in White with Festive Red Accents,Christmas Pajama Set - Santa & Reindeer Print in White | DLM,100,60
family-matching-christmas-pajama-set-red-buffalo-plaid-with-reindeer-print-in-black-gold-for-cozy-holiday-nights,Family Matching Christmas Pajama Set - Red Buffalo Plaid with Reindeer Print in Black & Gold for Cozy Holiday Nights,Christmas Pajama Set - Red Buffalo Plaid | DLM,116,46
family-matching-winter-pajama-set-chill-out-snowman-print-with-cozy-blue-snowflake-design,"Family Matching Winter Pajama Set - ""Chill Out"" Snowman Print with Cozy Blue Snowflake Design","Winter Pajama Set - ""Chill Out"" Snowman Print | DLM",93,51
family-matching-christmas-pajama-set-naughty-or-nice-grinch-design-with-red-plaid-pants,Family Matching Christmas Pajama Set - Naughty or Nice Grinch Design with Red Plaid Pants,Christmas Pajama Set - Naughty or Nice Grinch Design | DLM,89,58
family-matching-christmas-elf-pajama-set-festive-green-red-striped-elf-costume-design-for-holiday-fun,Family Matching Christmas Elf Pajama Set - Festive Green & Red Striped Elf Costume Design for Holiday Fun,Christmas Elf Pajama Set - Green & Red Striped Elf | DLM,105,56
family-matching-christmas-pajama-set-red-green-plaid-reindeer-print-for-cozy-holiday-moments,Family Matching Christmas Pajama Set - Red & Green Plaid Reindeer Print for Cozy Holiday Moments,Christmas Pajama Set - Red & Green Plaid Reindeer | DLM,96,55
family-matching-christmas-pajama-set-plaid-pants-with-cute-reindeer-print-in-black-white,Family Matching Christmas Pajama Set - Plaid Pants with Cute Reindeer Print in Black & White,Christmas Pajama Set - Plaid Pants with Reindeer Print | DLM,92,60
family-matching-christmas-pajama-set-plaid-pants-with-adorable-reindeer-print-in-white-red,Family Matching Christmas Pajama Set - Plaid Pants with Adorable Reindeer Print in White & Red,Christmas Pajama Set - Plaid Pants with Reindeer Print | DLM,94,60
family-matching-christmas-pajama-set-festive-santa-ho-ho-ho-print-with-red-green-and-white-stripes,"Family Matching Christmas Pajama Set - Festive Santa & ""Ho Ho Ho"" Print with Red, Green, and White Stripes","Christmas Pajama Set - Santa & ""Ho Ho Ho"" Print | DLM",106,53
family-matching-christmas-pajama-set-festive-santa-reindeer-print-in-red-white-and-black-for-holiday-celebrations,"Family Matching Christmas Pajama Set - Festive Santa & Reindeer Print in Red, White, and Black for Holiday Celebrations","Christmas Pajama Set - Santa & Reindeer Print in Red, | DLM",119,59
family-matching-christmas-pajama-set-santa-reindeer-print-in-cream-and-green-for-festive-holiday-fun,Family Matching Christmas Pajama Set - Santa & Reindeer Print in Cream and Green for Festive Holiday Fun,Christmas Pajama Set - Santa & Reindeer Print in | DLM,104,54
family-matching-christmas-pajama-set-merry-christmas-tree-print-in-festive-green-and-black-for-holiday-gatherings,Family Matching Christmas Pajama Set - Merry Christmas Tree Print in Festive Green and Black for Holiday Gatherings,Christmas Pajama Set - Merry Christmas Tree Print in | DLM,115,58
family-matching-christmas-pajama-set-festive-reindeer-santa-print-in-red-green-for-holiday-celebrations,Family Matching Christmas Pajama Set - Festive Reindeer & Santa Print in Red & Green for Holiday Celebrations,Christmas Pajama Set - Reindeer & Santa Print in Red | DLM,109,58
family-matching-christmas-pajamas-snowman-print-merry-christmas-pjs-in-blue-and-red,"Family Matching Christmas Pajamas - Snowman Print ""Merry Christmas"" PJs in Blue and Red","Christmas Pajamas - Snowman Print ""Merry Christmas"" | DLM",87,57
family-matching-christmas-pajamas-happy-ho-ho-ho-to-you-elf-design-with-striped-pants,"Family Matching Christmas Pajamas - ""Happy Ho Ho Ho To You"" Elf Design with Striped Pants","Christmas Pajamas - ""Happy Ho Ho Ho To You"" Elf Design | DLM",89,60
family-matching-christmas-pajamas-set-green-white-reindeer-fair-isle-print,Family Matching Christmas Pajamas Set - Green & White Reindeer Fair Isle Print,Christmas Pajamas Set - Green & White Reindeer Fair | DLM,78,57
family-matching-merry-grinchmas-christmas-pajama-set-fun-holiday-grinch-design-with-festive-green-pants,"Family Matching ""Merry Grinchmas"" Christmas Pajama Set - Fun Holiday Grinch Design with Festive Green Pants","""Merry Grinchmas"" Christmas Pajama Set - Holiday | DLM",107,54
family-matching-merry-grinchmas-dinosaur-christmas-pajamas-fun-holiday-set-with-green-plaid-pants,"Family Matching ""Merry Grinchmas"" Dinosaur Christmas Pajamas - Fun Holiday Set with Green Plaid Pants","""Merry Grinchmas"" Dinosaur Christmas Pajamas | DLM",101,50
family-matching-dont-be-a-grinch-christmas-pajamas-fun-dr-seuss-grinch-holiday-set-for-kids-adults,"Family Matching ""Don't Be a Grinch"" Christmas Pajamas - Fun Dr. Seuss Grinch Holiday Set for Kids & Adults","""Don't Be a Grinch"" Christmas Pajamas - Dr. Seuss | DLM",106,55
family-matching-merry-christmas-tree-pajamas-black-green-plaid-holiday-pajama-set-for-kids-adults-infants,"Family Matching ""Merry Christmas"" Tree Pajamas - Black & Green Plaid Holiday Pajama Set for Kids, Adults & Infants","""Merry Christmas"" Tree Pajamas - Black & Green Plaid | DLM",114,58
family-matching-let-it-snow-merry-christmas-pajamas-navy-blue-snowman-fair-isle-holiday-pajama-set-for-kids-adults-pets,"Family Matching ""Let It Snow"" & ""Merry Christmas"" Pajamas - Navy Blue Snowman Fair Isle Holiday Pajama Set for Kids, Adults & Pets","""Let It Snow"" & ""Merry Christmas"" Pajamas - Navy Blue | DLM",130,59
family-matching-christmas-crew-pajamas-black-and-red-plaid-holiday-pajama-set-for-kids-and-adults,"Family Matching ""Christmas Crew"" Pajamas - Black and Red Plaid Holiday Pajama Set for Kids and Adults","""Christmas Crew"" Pajamas - Black and Red Plaid | DLM",101,52
family-matching-christmas-tree-fair-isle-pajamas-red-black-holiday-pajama-set-for-kids-and-adults,Family Matching Christmas Tree Fair Isle Pajamas - Red & Black Holiday Pajama Set for Kids and Adults,Christmas Tree Fair Isle Pajamas - Red & Black | DLM,101,52
family-matching-christmas-pajamas-merry-christmas-gnome-fair-isle-pajama-set-for-kids-and-adults,"Family Matching Christmas Pajamas - ""Merry Christmas"" Gnome & Fair Isle Pajama Set for Kids and Adults","Christmas Pajamas - ""Merry Christmas"" Gnome & Fair | DLM",102,56
family-matching-christmas-tree-fair-isle-pajamas-green-red-festive-pajama-set-for-adults-kids-pets,"Family Matching Christmas Tree Fair Isle Pajamas - Green & Red Festive Pajama Set for Adults, Kids & Pets",Christmas Tree Fair Isle Pajamas - Green & Red Pajama | DLM,105,59
family-matching-christmas-fair-isle-pajamas-festive-red-green-holiday-pajama-set-for-adults-kids-pets,"Family Matching Christmas Fair Isle Pajamas - Festive Red & Green Holiday Pajama Set for Adults, Kids & Pets",Christmas Fair Isle Pajamas - Red & Green Holiday | DLM,108,55
family-matching-holiday-safari-animal-pajamas-cozy-green-christmas-pajama-set-for-kids-adults-pets,"Family Matching Holiday Safari Animal Pajamas - Cozy Green Christmas Pajama Set for Kids, Adults & Pets",Holiday Safari Animal Pajamas - Green Christmas | DLM,103,53
matching-family-christmas-pajamas-snowflake-nordic-holiday-pj-set-for-all-ages,Matching Family Christmas Pajamas - Snowflake Nordic Holiday PJ Set for All Ages,Christmas Pajamas - Snowflake Nordic Holiday PJ Set | DLM,80,57
family-christmas-tree-graphic-matching-t-shirts-merry-christmas-holiday-family-outfits,"Family Christmas Tree Graphic Matching T-Shirts - ""Merry Christmas"" Holiday Family Outfits","Family Christmas Tree Graphic T-Shirts - ""Merry | DLM",90,53
family-christmas-sweatshirt-set-merry-christmas-matching-holiday-sweaters-for-family,"Family Christmas Sweatshirt Set - ""Merry Christmas"" Matching Holiday Sweaters for Family","Family Christmas Sweatshirt Set - ""Merry Christmas"" | DLM",88,57
eternal-love-family-matching-t-shirts-colorful-heart-design,Eternal Love Family Matching T-Shirts - Colorful Heart Design,Eternal Love T-Shirts - Colorful Heart Design | DLM,61,51
beautiful-rainbow-family-matching-t-shirts-colorful-sunshine-design,Beautiful Rainbow Family Matching T-Shirts - Colorful Sunshine Design,Rainbow T-Shirts - Colorful Sunshine Design | DLM,69,49
cute-dinosaur-family-matching-t-shirts-what-are-you-doing-hug-design,"Cute Dinosaur Family Matching T-Shirts - ""What Are You Doing?"" Hug Design","Dinosaur T-Shirts - ""What Are You Doing?"" Hug Design | DLM",73,58
colorful-i-love-family-matching-t-shirts-set-for-the-whole-family,"Colorful ""I Love Family"" Matching T-Shirts Set for the Whole Family","Colorful ""I Love Family"" T-Shirts Set | DLM",67,43
happy-flower-family-matching-t-shirts-colorful-floral-print-for-parents-kids,"""Happy Flower"" Family Matching T-Shirts – Colorful Floral Print for Parents & Kids","""Happy Flower"" T-Shirts – Colorful Floral Print | DLM",82,53
love-grows-family-matching-t-shirts-watering-can-plant-design,"""Love Grows"" Family Matching T-Shirts – Watering Can & Plant Design","""Love Grows"" T-Shirts – Watering Can & Plant Design | DLM",67,57
colorful-family-matching-love-t-shirts-fun-bold-lettering-design-in-multiple-colors,"Colorful Family Matching ""LOVE"" T-Shirts – Fun Bold Lettering Design in Multiple Colors","Colorful ""LOVE"" T-Shirts – Bold Lettering Design in | DLM",87,57
cute-family-matching-cartoon-t-shirts-sun-cloud-plant-design-in-5-colors,"Cute Family Matching Cartoon T-Shirts – Sun, Cloud & Plant Design in 5 Colors","Cartoon T-Shirts – Sun, Cloud & Plant Design in 5 | DLM",77,55
matching-family-minimalist-heart-t-shirt-set-simple-love-design-in-4-colors,Matching Family Minimalist Heart T-Shirt Set – Simple Love Design in 4 Colors,Minimalist Heart T-Shirt Set – Simple Love Design in | DLM,77,58
matching-family-love-balloon-t-shirt-set-heart-love-design-in-4-colors,"Matching Family ""Love Balloon"" T-Shirt Set – Heart & Love Design in 4 Colors","""Love Balloon"" T-Shirt Set – Heart & Love Design in 4 | DLM",76,59
matching-family-love-t-shirt-set-adorable-family-heart-design,"Matching Family ""LOVE"" T-Shirt Set – Adorable Family Heart Design","""LOVE"" T-Shirt Set – Family Heart Design | DLM",65,46
matching-family-plug-lightbulb-t-shirt-set-unique-family-connection-design,"Matching Family ""Plug & Lightbulb"" T-Shirt Set – Unique Family Connection Design","""Plug & Lightbulb"" T-Shirt Set – Family Connection | DLM",80,56
battery-themed-matching-family-t-shirt-set-super-tired-parents-energetic-kids,Battery-Themed Matching Family T-Shirt Set – Super Tired Parents & Energetic Kids,Battery-Themed T-Shirt Set – Super Tired Parents & | DLM,81,56
need-more-family-matching-drink-t-shirt-set-beer-coffee-milk-juice-family-outfit,"""Need More"" Family Matching Drink T-Shirt Set – Beer, Coffee, Milk & Juice Family Outfit","""Need More"" Drink T-Shirt Set – Beer, Coffee, Milk & | DLM",88,58
family-matching-original-remix-encore-t-shirt-set-fun-family-outfits-for-all-ages,"Family Matching ""Original, Remix & Encore"" T-Shirt Set – Fun Family Outfits for All Ages","""Original, Remix & Encore"" T-Shirt Set – Family | DLM",88,53
daddy-baby-bestie-heart-matching-t-shirt-onesie-set-adorable-father-and-child-outfit,"Daddy & Baby ""Bestie Heart"" Matching T-Shirt & Onesie Set – Adorable Father and Child Outfit","""Bestie Heart"" T-Shirt & Onesie Set – Outfit | DLM",92,50
daddy-baby-matching-daddysaurus-and-babysaurus-t-shirt-set-fun-dinosaur-dad-and-baby-outfit,"Daddy & Baby Matching ""Daddysaurus"" and ""Babysaurus"" T-Shirt Set – Fun Dinosaur Dad and Baby Outfit","""Daddysaurus"" and ""Babysaurus"" T-Shirt Set – Dinosaur | DLM",99,59
father-child-matching-striped-tie-t-shirt-set-dad-and-baby-toddler-outfits,Father & Child Matching Striped Tie T-Shirt Set – Dad and Baby/Toddler Outfits,Striped Tie T-Shirt Set – Dad and Baby/Toddler Outfits | DLM,78,60
daddy-me-beer-monster-milk-monster-matching-t-shirt-set,"Daddy & Me ""Beer Monster"" & ""Milk Monster"" Matching T-Shirt Set","""Beer Monster"" & ""Milk Monster"" T-Shirt Set | DLM",63,49
daddy-me-matching-family-t-shirt-set-heartfelt-father-child-bond-outfit,Daddy & Me Matching Family T-Shirt Set – Heartfelt Father-Child Bond Outfit,T-Shirt Set – Heartfelt Father-Child Bond Outfit | DLM,75,54
top-dad-and-top-son-matching-t-shirt-onesie-set-inspired-family-outfit,Top Dad and Top Son Matching T-Shirt & Onesie Set – Inspired Family Outfit,Top Dad and Top Son T-Shirt & Onesie Set – Inspired | DLM,74,57
father-and-baby-matching-ctrl-c-ctrl-v-t-shirt-set-copy-and-paste-duo,"Father and Baby Matching ""CTRL + C & CTRL + V"" T-Shirt Set – Copy and Paste Duo","""CTRL + C & CTRL + V"" T-Shirt Set – Copy and Paste Duo | DLM",79,60
father-and-baby-matching-pizza-slice-t-shirts-whole-pizza-slice-set,"Father and Baby Matching Pizza Slice T-Shirts – ""Whole Pizza & Slice"" Set","Pizza Slice T-Shirts – ""Whole Pizza & Slice"" Set | DLM",73,54
father-baby-mr-fix-it-mr-broke-it-matching-t-shirt-onesie-set-perfect-gift-for-handy-dads,"Father & Baby ""Mr. Fix It"" & ""Mr. Broke It"" Matching T-Shirt & Onesie Set – Perfect Gift for Handy Dads","""Mr. Fix It"" & ""Mr. Broke It"" T-Shirt & Onesie Set | DLM",103,56
father-baby-player-1-and-player-2-matching-t-shirt-onesie-set-perfect-gamer-dad-gift,"Father & Baby ""Player 1"" and ""Player 2"" Matching T-Shirt & Onesie Set – Perfect Gamer Dad Gift","""Player 1"" and ""Player 2"" T-Shirt & Onesie Set | DLM",94,52
father-baby-fuel-gauge-matching-t-shirt-onesie-set-daddy-baby-fuel-theme-outfit,"Father & Baby ""Fuel Gauge"" Matching T-Shirt & Onesie Set – Daddy & Baby Fuel Theme Outfit","""Fuel Gauge"" T-Shirt & Onesie Set – Fuel Theme Outfit | DLM",89,59
father-baby-matching-big-trouble-and-little-trouble-t-shirt-onesie-set-playful-family-outfit,"Father & Baby Matching ""Big Trouble"" and ""Little Trouble"" T-Shirt & Onesie Set – Playful Family Outfit","""Big Trouble"" and ""Little Trouble"" T-Shirt & Onesie | DLM",102,57
family-matching-t-shirt-set-with-colorful-heart-brushstroke-design,Family Matching T-Shirt Set with Colorful Heart Brushstroke Design,T-Shirt Set with Colorful Heart Brushstroke Design | DLM,66,56
mother-daughter-matching-navy-knit-cardigan-set-gingham-ruffle-trim-bow-accent,Mother-Daughter Matching Navy Knit Cardigan Set  Gingham Ruffle Trim & Bow Accent,Navy Knit Cardigan Set Gingham Ruffle Trim & Bow | DLM,81,54
elegant-beige-chiffon-family-matching-dresses-mother-daughter-summer-outfits,Elegant Beige Chiffon Family Matching Dresses  Mother & Daughter Summer Outfits,Beige Chiffon Dresses Summer Outfits | DLM,79,42
gradient-ombre-family-matching-outfits-pink-blue-t-shirts-with-white-shorts-set,Gradient Ombre Family Matching Outfits  Pink & Blue T-Shirts with White Shorts Set,Gradient Ombre Outfits Pink & Blue T-Shirts | DLM,82,49
vibrant-rainbow-family-matching-outfits-striped-t-shirts-and-yellow-overalls-set-for-family-outings,Vibrant Rainbow Family Matching Outfits  Striped T-Shirts and Yellow Overalls Set for Family Outings,Rainbow Outfits Striped T-Shirts and Yellow Overalls | DLM,100,58
green-and-white-matching-family-outfits-stylish-floral-print-family-set-for-parents-and-kids,Green and White Matching Family Outfits  Stylish Floral Print Family Set for Parents and Kids,Green and White Outfits Floral Print Family Set | DLM,93,53
stylish-blue-sleeveless-mommy-and-me-dress-set-with-bow-detail-perfect-for-summer-outings,Stylish Blue Sleeveless Mommy and Me Dress Set with Bow Detail  Perfect for Summer Outings,Blue Sleeveless Dress Set | DLM,90,31
elegant-floral-off-shoulder-mommy-and-me-dress-set-perfect-for-summer-outings,Elegant Floral Off-Shoulder Mommy and Me Dress Set  Perfect for Summer Outings,Floral Off-Shoulder Dress Set Summer Outings | DLM,78,50
vibrant-rainbow-maxi-dress-set-for-mom-and-daughter-colorful-summer-matching-outfits,Vibrant Rainbow Maxi Dress Set for Mom and Daughter  Colorful Summer Matching Outfits,Rainbow Maxi Dress Set for Colorful Summer Outfits | DLM,85,56
cute-matching-mom-and-daughter-cartoon-pajama-set-fun-and-cozy-sleepwear,Cute Matching Mom and Daughter Cartoon Pajama Set - Fun and Cozy Sleepwear,Cartoon Pajama Set - and Sleepwear | DLM,74,40
cozy-matching-black-white-striped-sweater-set-for-mom-and-daughter,Cozy Matching Black & White Striped Sweater Set for Mom and Daughter,Black & White Striped Sweater Set | DLM,68,39
mother-daughter-matching-summer-dresses-vibrant-printed-sleeveless-maxi-dresses,Mother-Daughter Matching Summer Dresses  Vibrant Printed Sleeveless Maxi Dresses,Summer Dresses Printed Sleeveless Maxi Dresses | DLM,80,52
matching-family-denim-button-up-shirts-casual-unisex-jean-jackets-for-parents-and-kids,Matching Family Denim Button-Up Shirts  Casual Unisex Jean Jackets for Parents and Kids,Denim Button-Up Shirts Casual Unisex Jean Jackets | DLM,87,55
matching-family-striped-fleece-hoodies-cozy-winter-pullover-for-parents-and-kids,Matching Family Striped Fleece Hoodies Cozy Winter Pullover for Parents and Kids,Striped Fleece Hoodies Winter Pullover | DLM,80,44
matching-family-tropical-floral-beach-outfits-navy-and-orange-flower-print-dresses-shirts-set,Matching Tropical Floral Beach Outfits  Navy and Orange Flower Print Dresses,Tropical Floral Beach Outfits Navy and Orange Flower | DLM,76,58
matching-mother-and-daughter-beach-dresses-elegant-cream-chiffon-maxi-dress-set,Matching Mother and Daughter Beach Dresses  Elegant Cream Chiffon Maxi Dress Set,Beach Dresses Cream Chiffon Maxi Dress Set | DLM,80,48
matching-star-knit-sweater-dress-cozy-cream-family-outfit-for-mom-and-daughter,Matching Star Knit Sweater Dress  Cozy Cream Family Outfit for Mom and Daughter,Star Knit Sweater Dress Cream Family Outfit | DLM,79,49
matching-color-block-knit-sweaters-vibrant-family-pullover-for-mom-and-kids,Matching Color-Block Knit Sweaters  Vibrant Family Pullover for Mom and Kids,Color-Block Knit Sweaters Family Pullover | DLM,76,47
matching-mother-and-daughter-heart-knit-cardigans-cream-and-black-sweaters-for-mommy-me,Matching Mother and Daughter Heart Knit Cardigans  Cream and Black Sweaters for Mommy & Me,Heart Knit Cardigans Cream and Black Sweaters | DLM,90,51
matching-family-heart-embroidery-cardigans-cream-and-red-knit-sweaters-for-parents-and-kids,Matching Family Heart Embroidery Cardigans  Cream and Red Knit Sweaters for Parents and Kids,Heart Embroidery Cardigans Cream and Red Knit Sweaters | DLM,92,60
matching-family-denim-jackets-classic-light-wash-jean-shirt-for-mom-dad-and-kids,"Matching Family Denim Jackets  Classic Light-Wash Jean Shirt for Mom, Dad, and Kids",Denim Jackets Light-Wash Jean Shirt | DLM,83,41
matching-family-red-stripe-knit-sweaters-half-zip-pullover-for-mom-dad-and-kids,"Matching Family Red Stripe Knit Sweaters  Half-Zip Pullover for Mom, Dad, and Kids",Red Stripe Knit Sweaters Half-Zip Pullover | DLM,82,48
matching-mommy-and-me-bear-striped-knit-sweaters-cozy-family-outfit-with-embroidered-bear-design,Matching Mommy and Me Bear Striped Knit Sweaters  Cozy Family Outfit with Embroidered Bear Design,Bear Striped Knit Sweaters Family Outfit | DLM,97,46
matching-family-striped-cardigans-navy-and-red-heart-embroidery-knit-sweaters-for-mom-dad-and-kids,"Matching Family Striped Cardigans  Navy and Red Heart Embroidery Knit Sweaters for Mom, Dad, and Kids",Striped Cardigans Navy and Red Heart Embroidery Knit | DLM,101,58
matching-rainbow-striped-family-cardigans-cozy-good-mood-knit-sweaters-for-mom-and-kids,"Matching Rainbow Striped Family Cardigans  Cozy ""Good Mood"" Knit Sweaters for Mom and Kids","Rainbow Striped Family Cardigans ""Good Mood"" Knit | DLM",90,55
elegant-matching-family-outfits-light-blue-halter-dresses-casual-t-shirt-set-for-summer,Elegant Matching Family Outfits  Light Blue Halter Dresses & Casual T-shirt Set for Summer,Outfits Light Blue Halter Dresses & Casual T-shirt Set | DLM,90,60
tropical-matching-family-beach-outfits-colorful-leaf-print-summer-dresses-shorts-set,Tropical Matching Family Beach Outfits  Colorful Leaf Print Summer Dresses & Shorts Set,Tropical Beach Outfits Colorful Leaf Print Summer | DLM,87,55
matching-family-beach-outfits-holiday-palm-tree-print-summer-dresses-shorts-set,Matching Family Beach Outfits  Holiday Palm Tree Print Summer Dresses & Shorts Set,Beach Outfits Holiday Palm Tree Print Summer Dresses | DLM,82,58
matching-family-yellow-beach-outfits-summer-vacation-dresses-shorts-set,Matching Family Yellow Beach Outfits  Summer Vacation Dresses & Shorts Set,Yellow Beach Outfits Summer Vacation Dresses & Shorts | DLM,74,59
matching-mommy-me-colorful-watercolor-maxi-dresses-sleeveless-summer-dress,Matching Mommy & Me Colorful Watercolor Maxi Dresses – Sleeveless Summer Dress Set,Colorful Watercolor Maxi Dresses – Sleeveless Summer | DLM,82,58
matching-mommy-me-floral-strappy-back-maxi-dresses-summer-beach-outfit,Matching Mommy & Me Floral Strappy Back Maxi Dresses  Summer Beach Outfit,Floral Strappy Back Maxi Dresses Summer Beach Outfit | DLM,73,58
matching-mommy-me-smocked-sundresses-vibrant-floral-and-patterned-summer-dresses,Matching Mommy & Me Smocked Sundresses  Vibrant Floral and Patterned Summer Dresses,Smocked Sundresses Floral and Patterned Summer Dresses | DLM,83,60
matching-mommy-me-sunflower-maxi-dresses-sleeveless-floral-print-summer-dress,Matching Mommy & Me Sunflower Maxi Dresses  Sleeveless Floral Print Summer Dress,Sunflower Maxi Dresses Sleeveless Floral Print Summer | DLM,80,59
matching-mommy-me-plaid-flannel-shirts-cozy-button-up-jackets-for-fall,Matching Mommy & Me Plaid Flannel Shirts Cozy Button-Up Jackets for Fall,Plaid Flannel Shirts Button-Up Jackets for Fall | DLM,72,53
mommy-and-me-matching-yellow-sleeveless-maxi-dress-vibrant-summer-beach-dress-for-mother-daughter,Mommy and Me Matching Yellow Sleeveless Maxi Dress  Vibrant Summer Beach Dress for Mother & Daughter,Yellow Sleeveless Maxi Dress Summer Beach Dress | DLM,100,53
mommy-and-me-matching-pink-sleeveless-summer-dress-elegant-sundress-for-mother-daughter,Mommy and Me Matching Pink Sleeveless Summer Dress  Elegant Sundress for Mother & Daughter,Pink Sleeveless Summer Dress Sundress | DLM,90,43
family-matching-floral-shirt-and-dress-a-charming-and-coordinated-look,Family Matching Floral Shirt and Dress - A Charming and Coordinated Look,Floral Shirt and Dress - A and Coordinated Look | DLM,72,53
dynamic-duo-father-and-son-matching-swim-trunks-family-beachwear-set,"Dynamic Duo"" Father and Son Matching Swim Trunks - Family Beachwear Set","Dynamic Duo"" Swim Trunks | DLM",71,30
tropical-flair-father-and-son-matching-swim-trunks-flamingo-and-foliage-print,Tropical Flair Father and Son Matching Swim Trunks  Flamingo and Foliage Print,Tropical Flair Swim Trunks Flamingo and Foliage Print | DLM,78,59
father-and-son-matching-swim-trunks-elegant-blue-and-white-paisley-design-quick-dry-beachwear,"Father and Son Matching Swim Trunks - Elegant Blue and White Paisley Design, Quick Dry Beachwear","Swim Trunks - Blue and White Paisley Design, Beachwear | DLM",96,60
father-and-son-matching-swim-trunks-bold-cow-print-family-beachwear,"Father and Son Matching Swim Trunks - Bold Cow Print, Family Beachwear","Swim Trunks - Bold Cow Print, | DLM",70,35
father-and-son-matching-swim-trunks-tropical-paradise-red-and-green-print,Father and Son Matching Swim Trunks - Tropical Paradise Red and Green Print,Swim Trunks - Tropical Paradise Red and Green Print | DLM,75,57
father-and-son-matching-swim-trunks-classic-paisley-pattern-in-blue-and-yellow,Father and Son Matching Swim Trunks - Classic Paisley Pattern in Blue and Yellow,Swim Trunks - Paisley Pattern in Blue and Yellow | DLM,80,54
father-and-son-matching-swim-trunks-tropical-floral-print-family-swimwear,Father and Son Matching Swim Trunks - Tropical Floral Print Family Swimwear,Swim Trunks - Tropical Floral Print | DLM,75,41
mother-daughter-matching-swim-set-abstract-print-two-piece-high-waisted-bikini-with-wrap-skirt,Mother & Daughter Matching Swim Set - Abstract Print Two-Piece High-Waisted Bikini with Wrap Skirt,Swim Set - Abstract Print Two-Piece High-Waisted | DLM,98,54
elegant-mother-daughter-matching-one-piece-swimsuit-with-patterned-mesh-skirt-family-beachwear-set,Elegant Mother Daughter Matching One-Piece Swimsuit with Patterned Mesh Skirt  Family Beachwear Set,Mother Daughter One-Piece Swimsuit | DLM,99,40
chic-family-tides-mother-daughter-matching-two-piece-swimsuit-with-skirt-vibrant-versatile-swimwear-collection,Chic Family Tides: Mother & Daughter Matching Two-Piece Swimsuit with Skirt - Vibrant & Versatile Swimwear Collection,Family Tides: Two-Piece Swimsuit with Skirt - & | DLM,117,53
chic-family-bonding-mother-daughter-matching-swimsuit-set-with-long-sleeved-cover-up,Chic Family Bonding - Mother & Daughter Matching Swimsuit Set with Long-Sleeved Cover-Up,Family Bonding - Swimsuit Set with Long-Sleeved | DLM,88,53
chic-mother-daughter-matching-swimsuit-set-with-floral-cover-up-family-beachwear-collection,Chic Mother-Daughter Matching Swimsuit Set with Floral Cover-Up  Family Beachwear Collection,Swimsuit Set with Floral Cover-Up Collection | DLM,92,50
chic-two-piece-swimsuit-with-skirt-family-matching-swimwear-for-mother-and-daughter-available-in-blue-green-black,"Chic Two-Piece Swimsuit with Skirt  Family Matching Swimwear for Mother and Daughter  Available in Blue, Green, Black",Two-Piece Swimsuit with Skirt Swimwear | DLM,117,44
mommy-me-vibrant-duo-tone-one-piece-swimsuit-with-ring-accent-family-matching-swimwear-collection,"Mommy & Me"" Vibrant Duo-Tone One-Piece Swimsuit with Ring Accent Family Matching Swimwear Collection","Mommy & Me"" Duo-Tone One-Piece Swimsuit | DLM",100,45
chic-color-block-one-piece-swimsuit-for-mother-daughter-vibrant-sleek-beachwear,Chic Color-Block One-Piece Swimsuit for Mother & Daughter  Vibrant & Sleek Beachwear,Color-Block One-Piece Swimsuit for & Sleek Beachwear | DLM,84,58
chic-two-piece-swimsuit-set-ruffle-detail-top-and-high-waisted-bottoms-in-four-vibrant-colors,Chic Two-Piece Swimsuit Set  Ruffle Detail Top and High-Waisted Bottoms in Four Vibrant Colors,Two-Piece Swimsuit Set Ruffle Detail Top and | DLM,94,50
chic-mother-daughter-two-piece-swimsuit-family-matching-swimwear-in-vibrant-colors,Chic Mother-Daughter Two-Piece Swimsuit - Family Matching Swimwear in Vibrant Colors,Two-Piece Swimsuit - Swimwear in Colors | DLM,84,45
chic-tropical-one-shoulder-ruffle-swimsuit-set-for-mother-and-daughter-vibrant-floral-pattern-with-comfort-stretch,Chic Tropical One-Shoulder Ruffle Swimsuit Set for Mother and Daughter  Vibrant Floral Pattern with Comfort Stretch,Tropical One-Shoulder Ruffle Swimsuit Set | DLM,115,47
modern-cow-print-tankini-swimsuit-set-for-mother-and-daughter-stylish-high-waisted-swimwear-with-ruffle-detail,Modern Cow Print Tankini Swimsuit Set for Mother and Daughter  Stylish High-Waisted Swimwear with Ruffle Detail,Cow Print Tankini Swimsuit Set for High-Waisted | DLM,111,53
chic-floral-ruffle-one-shoulder-swimsuit-for-women-and-girls-elegant-asymmetrical-swimwear-set-in-vibrant-tropics-print,Chic Floral Ruffle One-Shoulder Swimsuit for Women and Girls  Elegant Asymmetrical Swimwear Set in Vibrant Tropics Print,Floral Ruffle One-Shoulder Swimsuit Asymmetrical | DLM,120,54
nautical-charm-flamingo-print-one-piece-swimsuits-for-mother-daughter,Nautical Charm Flamingo Print One-Piece Swimsuits for Mother & Daughter,Nautical Charm Flamingo Print One-Piece Swimsuits | DLM,71,55
mother-daughter-pastel-mermaid-scales-swimsuit-with-frill-detail,Mother & Daughter Pastel Mermaid Scales Swimsuit with Frill Detail,Pastel Mermaid Scales Swimsuit with Frill Detail | DLM,66,54
elegant-long-sleeve-leopard-print-swimsuit-for-mother-and-daughter,Elegant Long-Sleeve Leopard Print Swimsuit for Mother and Daughter,Long-Sleeve Leopard Print Swimsuit | DLM,66,40
chic-tropical-floral-high-neck-swimsuit-set-for-women-and-girls-zippered-sleeveless-quick-dry-swimwear,"Chic Tropical Floral High-Neck Swimsuit Set for Women and Girls - Zippered, Sleeveless, Quick-Dry Swimwear","Tropical Floral High-Neck Swimsuit Set - Zippered, | DLM",106,56
tropical-one-shoulder-ruffle-swimsuit-for-women-and-girls-vibrant-floral-print-asymmetrical-design-family-matching-swimwear,"Tropical One-Shoulder Ruffle Swimsuit for Women and Girls - Vibrant Floral Print, Asymmetrical Design, Family Matching Swimwear","Tropical One-Shoulder Ruffle Swimsuit - Floral Print, | DLM",127,59
elegant-tropical-high-waisted-swimsuit-set-for-mother-and-daughter-radiant-red-halter-neck-design,Elegant Tropical High-Waisted Swimsuit Set for Mother and Daughter  Radiant Red Halter Neck Design,Tropical High-Waisted Swimsuit Set | DLM,98,40
chic-striped-one-piece-swimsuit-with-playful-ruffle-detail-a-duo-of-elegance-for-mother-daughter,Chic Striped One-Piece Swimsuit with Playful Ruffle Detail - A Duo of Elegance for Mother & Daughter,Striped One-Piece Swimsuit with Ruffle Detail - A Duo | DLM,100,59
elegant-blue-and-white-floral-one-piece-swimsuit-timeless-style-for-mother-and-daughter,Elegant Blue and White Floral One-Piece Swimsuit - Timeless Style for Mother and Daughter,Blue and White Floral One-Piece Swimsuit - Timeless | DLM,89,57
modern-monochrome-one-shoulder-swimsuit-with-animal-print-ruffle-elegant-poolside-duo-for-mother-and-child,Modern Monochrome One-Shoulder Swimsuit with Animal Print Ruffle - Elegant Poolside Duo for Mother and Child,Monochrome One-Shoulder Swimsuit with Animal Print | DLM,108,56
chic-leopard-print-one-piece-swimsuit-with-ruffle-accent-timeless-mother-daughter-beachwear,Chic Leopard Print One-Piece Swimsuit with Ruffle Accent - Timeless Mother & Daughter Beachwear,Leopard Print One-Piece Swimsuit with Ruffle Accent | DLM,95,57
vibrant-halter-neck-one-piece-swimsuit-with-waist-tie-detail-mother-daughter-matching-swimwear-in-exquisite-baroque-print,Vibrant Halter Neck One-Piece Swimsuit with Waist Tie Detail - Mother & Daughter Matching Swimwear in Exquisite Baroque Print,Halter Neck One-Piece Swimsuit with Waist Tie Detail | DLM,125,58
chic-tropical-ruffle-one-piece-swimsuit-lush-botanical-print-with-elegant-solid-trim-for-mother-child,Chic Tropical Ruffle One-Piece Swimsuit - Lush Botanical Print with Elegant Solid Trim for Mother & Child,Tropical Ruffle One-Piece Swimsuit - Lush Botanical | DLM,105,57
vibrant-one-shoulder-rainbow-trim-swimsuit-set-chic-monochrome-blue-with-colorful-accents-for-mother-daughter,Vibrant One-Shoulder Rainbow Trim Swimsuit Set - Chic Monochrome Blue with Colorful Accents for Mother & Daughter,One-Shoulder Rainbow Trim Swimsuit Set - Monochrome | DLM,113,57
royal-blue-high-neck-halter-swimsuit-set-with-paisley-print-bottoms-elegant-family-beachwear,Royal Blue High-Neck Halter Swimsuit Set with Paisley Print Bottoms - Elegant Family Beachwear,Royal Blue High-Neck Halter Swimsuit Set | DLM,94,46
chic-ocean-blue-mother-daughter-swimsuit-duo-stylish-ruffle-top-with-paisley-high-waisted-bottoms,Chic Ocean Blue Mother-Daughter Swimsuit Duo  Stylish Ruffle Top with Paisley High-Waisted Bottoms,Ocean Blue Swimsuit Duo Ruffle Top with Paisley | DLM,98,53
enchanting-mermaid-scales-two-piece-swimsuit-set-for-mother-and-daughter-rainbow-hues-with-flirty-skirt-detail,Enchanting Mermaid Scales Two-Piece Swimsuit Set for Mother and Daughter - Rainbow Hues with Flirty Skirt Detail,Mermaid Scales Two-Piece Swimsuit Set for - Rainbow | DLM,112,57
chic-mother-daughter-one-shoulder-swimsuit-with-playful-ruffles-and-contrasting-stripes-nylon-polyester-blend,Chic Mother-Daughter One-Shoulder Swimsuit with Playful Ruffles and Contrasting Stripes - Nylon & Polyester Blend,One-Shoulder Swimsuit with Ruffles and Contrasting | DLM,113,56
chic-one-shoulder-striped-ruffle-swimsuit-for-women-and-girls-elegant-monokini-with-side-tie,Chic One-Shoulder Striped Ruffle Swimsuit for Women and Girls - Elegant Monokini with Side Tie,One-Shoulder Striped Ruffle Swimsuit - Monokini | DLM,94,53
elegant-chocolate-brown-monokini-for-mother-daughter-duo-sleek-halter-neckline-with-playful-polka-dot-tie-sides,Elegant Chocolate Brown Monokini for Mother & Daughter Duo - Sleek Halter Neckline with Playful Polka Dot Tie Sides,Chocolate Brown Monokini for Duo - Sleek Halter | DLM,115,53
elegant-mother-daughter-matching-summer-dress-ruffled-layered-chiffon-with-sequin-embellishments,Elegant Mother & Daughter Matching Summer Dress - Ruffled Layered Chiffon with Sequin Embellishments,Summer Dress - Ruffled Layered Chiffon | DLM,100,44
elegant-chiffon-sleeveless-dress-with-sequin-detail-mother-and-daughter-matching-outfits,Elegant Chiffon Sleeveless Dress with Sequin Detail - Mother and Daughter Matching Outfits,Chiffon Sleeveless Dress with Sequin Detail - Outfits | DLM,90,59
chic-family-matching-sleeveless-dresses-ruffled-hem-mother-daughter-summer-outfit,Mommy and Me Matching Sequin Lace Tulle Dresses with Crisscross Straps,Sequin Lace Tulle Dresses with Crisscross Straps | DLM,70,54
elegant-black-ruffle-dress-chic-sleeveless-layered-dress-for-mother-and-daughter-perfect-for-parties-and-events,"Elegant Black Ruffle Dress - Chic Sleeveless Layered Dress for Mother and Daughter, Perfect for Parties and Events","Black Ruffle Dress - Sleeveless Layered Dress , | DLM",114,53
mommy-and-me-matching-silver-asymmetrical-chiffon-dresses-with-strappy-backs,Mommy and Me Matching Silver Asymmetrical Chiffon Dresses with Strappy Backs,Silver Asymmetrical Chiffon Dresses with Strappy Backs | DLM,76,60
mommy-and-me-matching-pink-tie-dye-pleated-maxi-dresses-with-adjustable-straps,Mommy and Me Matching Pink Tie-Dye Pleated Maxi Dresses with Adjustable Straps,Pink Tie-Dye Pleated Maxi Dresses | DLM,78,39
mommy-and-me-checkered-sweater-vest-matching-family-outfits,Mommy and Me Checkered Sweater Vest - Matching Family Outfits,Checkered Sweater Vest - Outfits | DLM,61,38
mother-daughter-matching-floral-knit-sweater-vest-pink-brown-retro-style,Mother-Daughter Matching Floral Knit Sweater Vest – Pink & Brown Retro Style,Floral Knit Sweater Vest – Pink & Brown Retro Style | DLM,76,57
parent-child-rainbow-bear-autumn-sweater,Mother-Daughter Matching Rainbow Striped Sweater with 3D Teddy Bear Details,Rainbow Striped Sweater with 3D Teddy Bear Details | DLM,75,56
family-matching-shirt-and-dress-set-yellow-floral-for-a-springtime-look,Family Matching Shirt and Dress Set: Yellow Floral for a Springtime Look,Shirt and Dress Set: Yellow Floral | DLM,72,40
boho-chic-family-matching-outfit-flowy-skirts-and-paisley-shirts,Boho Chic Family Matching Outfit - Flowy Skirts and Paisley Shirts,Boho Outfit - Flowy Skirts and Paisley Shirts | DLM,66,51
tropical-vibes-matching-family-hawaiian-shirt-and-floral-dress,Tropical Vibes: Matching Family Hawaiian Shirt and Floral Dress,Tropical Vibes: Hawaiian Shirt and Floral Dress | DLM,63,53
family-matching-outfits-floral-dresses-and-shorts-with-a-touch-of-fun,Family Matching Outfits - Floral Dresses and Shorts with a Touch of Fun,Outfits - Floral Dresses and Shorts | DLM,71,41
family-matching-dresses-and-t-shirts-show-your-family-spirit,Family Matching Dresses and T-Shirts: Show Your Family Spirit,Dresses and T-Shirts: Show Your Family Spirit | DLM,61,51
family-matching-outfits-the-perfect-way-to-show-your-aloha-spirit,Family Matching Outfits: The Perfect Way to Show Your Aloha Spirit,Outfits: The Perfect Way to Show Your Aloha Spirit | DLM,66,56
family-matching-outfits-white-dresses-with-green-leaves-and-matching-shirts,Family Matching Outfits - White Dresses with Green Leaves and Matching Shirts,Outfits - White Dresses with Green Leaves and Shirts | DLM,77,58
family-matching-beach-dress-and-shirt-set-light-blue-floral-hawaiian-print,Family Matching Beach Dress and Shirt Set - Light Blue Floral Hawaiian Print,Beach Dress and Shirt Set - Light Blue Floral | DLM,76,51
family-matching-dress-and-t-shirt-set-summer-fun-for-the-whole-family,Family Matching Dress and T-Shirt Set - Summer Fun for the Whole Family!,Dress and T-Shirt Set - Summer ! | DLM,72,38
family-matching-set-cute-and-stylish-outfits-for-mothers-fathers-and-children,"Family Matching Set - Cute and Stylish Outfits for Mothers, Fathers, and Children","Set - and Outfits for Mothers, Fathers, and Children | DLM",81,58
father-son-matching-hawaiian-floral-shirts,Dad and Son Matching Hawaiian Floral Shirts: Perfect for Father-Son Bonding,Dad and Son Hawaiian Floral Shirts: Father-Son Bonding | DLM,75,60
mommy-daughter-matching-tie-dye-dress,Matching Mommy & Me Pastel Tie-Dye Ruffle Dresses – Flutter Sleeve Smocked Set,Pastel Tie-Dye Ruffle Dresses – Flutter Sleeve Smocked | DLM,78,60
family-matching-christmas-deer-snowflake-pjs,Matching Family Christmas Pajamas - Nordic Reindeer Print Holiday PJs Set for All Ages,Christmas Pajamas - Nordic Reindeer Print Holiday PJs | DLM,86,59
mommy-me-matching-solid-long-dress,Matching Mommy & Me Sleeveless Ruffle Dresses – Soft Cotton Summer Set with Baby Romper,Sleeveless Ruffle Dresses – Soft Cotton Summer Set | DLM,87,56
matching-family-christmas-pajamas-with-reindeer-print-plaid-pants-holiday-sleepwear-set-for-the-whole-family-including-pets,"Matching Family Christmas Pajamas with Reindeer Print & Plaid Pants - Holiday Sleepwear Set for the Whole Family, Including Pets",Christmas Pajamas with Reindeer Print & Plaid Pants | DLM,128,57
family-matching-oregon-ducks-hoodies-cozy-sweatshirts-for-parents-and-kids,Family Matching Oregon Ducks Hoodies – Cozy Sweatshirts for Parents and Kids,Oregon Ducks Hoodies – Sweatshirts | DLM,76,40
mommy-and-me-matching-floral-print-jumpsuits-sleeveless-and-long-sleeve-options,Mommy and Me Matching Floral Print Jumpsuits – Sleeveless and Long-Sleeve Options,Floral Print Jumpsuits – Sleeveless and Long-Sleeve | DLM,81,57
family-matching-dinosaur-sweatshirt-set-cute-what-are-you-doing-design-in-multiple-colors,"Family Matching Dinosaur Sweatshirt Set - Cute ""What Are You Doing?"" Design in Multiple Colors","Dinosaur Sweatshirt Set - ""What Are You Doing?"" | DLM",94,53
mother-and-daughter-classic-floral-dress,Matching Mommy & Me Floral Smocked Midi Dresses – Short Sleeve Summer Dress Set,Floral Smocked Midi Dresses – Short Sleeve Summer | DLM,79,55
daddy-me-my-best-lady-my-best-man,"Matching Daddy & Baby ""My Best Lady"" and ""My Best Man"" T-Shirt Set – Father and Baby Outfit","""My Best Lady"" and ""My Best Man"" T-Shirt Set – Outfit | DLM",91,59
father-and-child-pilot-co-pilot-matching-t-shirt-set-perfect-for-daddy-me-outfits,"Father and Child ""Pilot & Co-Pilot"" Matching T-Shirt Set – Perfect for Daddy & Me Outfits","""Pilot & Co-Pilot"" T-Shirt Set – Outfits | DLM",89,46
mom-girl-flower-prints-stripes,Mommy and Me Matching Floral and Striped Long Sleeve A-Line Dresses,Floral and Striped Long Sleeve A-Line Dresses | DLM,67,51
floral-print-maternity-photography-bodysuits-slash-neck-floral-ruffles,Floral Print Maternity Photography Bodysuits Slash Neck Floral Ruffles,Floral Print Maternity Photography Bodysuits Slash | DLM,70,56
chiffon-shoulder-less-maternity-dresses-for-photo-shoot-white-front-open,Chiffon Shoulder-less Maternity Dresses for Photo Shoot White Front Open,Chiffon Shoulder-less Maternity Dresses | DLM,72,45
maternity-photography-props-maxi-dresses-see-through-eyelashes-lace,Maternity Photography Props Maxi Dresses See Through Eyelashes Lace,Maternity Photography Props Maxi Dresses See Through | DLM,67,58
maternity-long-dress-with-chiffon-cloak-short-sleeve-sweet-heart,Maternity Long Dress with Chiffon Cloak Short Sleeve Sweet Heart,Maternity Long Dress | DLM,64,26
lace-long-sleeve-maternity-photography-props-dresses-for-pregnant-women,Lace Long Sleeve Maternity Photography Props Dresses For Pregnant Women,Lace Long Sleeve Maternity Photography Props Dresses | DLM,71,58
matching-family-smile-hoodies-cute-comfortable-sweatshirts-for-parents-and-kids,Matching Family Smile Hoodies – Cute & Comfortable Sweatshirts for Parents and Kids,Smile Hoodies – & Comfortable Sweatshirts | DLM,83,47
family-matching-christmas-buffalo-plaid-onesies-with-flap-cozy-red-black-pajamas,Family Matching Christmas Buffalo Plaid Onesies with Flap - Cozy Red & Black Pajamas,Christmas Buffalo Plaid Onesies with Flap - Red & | DLM,84,55
mommy-me-matching-red-dress,Matching Mommy & Me Red Ruffle Jumpsuits – Stylish Sleeveless Summer Outfit,Red Ruffle Jumpsuits – Sleeveless Summer Outfit | DLM,75,53
mommy-me-cotton-silk-princess-pajamas,Mother-Daughter Matching Long White Nightgown – Elegant Ruffle Trim Sleep Dress,Long White Nightgown – Ruffle Trim Sleep Dress | DLM,79,52
one-shoulder-matching-swimsuit,Matching Mother-Daughter Floral Ruffle One-Shoulder Cutout Swimsuit – Pink and Red,Floral Ruffle One-Shoulder Cutout Swimsuit – Pink and | DLM,82,59
matching-heart-t-shirt-mommy-me,"Family Matching ""Bestie"" Heart T-Shirt Set - Available in Red, White, and Black","""Bestie"" Heart T-Shirt Set - Red, White, and Black | DLM",79,56
daddy-and-me-original-remix-t-shirt,"Father & Baby Matching ""The Original"" and ""The Remix"" T-Shirt  – Cute Family Outfit","""The Original"" and ""The Remix"" T-Shirt – Family Outfit | DLM",83,60
matching-father-and-child-me-mini-me-t-shirt-set-adorable-dad-and-kid-outfit,"Matching Father and Child ""Me & Mini Me"" T-Shirt Set – Adorable Dad and Kid Outfit","""Me & Mini Me"" T-Shirt Set – Dad and Kid Outfit | DLM",82,53
mommy-me-angels-wing-swimsuit,Matching Angel Wings Swimsuit for Mother & Daughter – Elegant One-Piece Bathing Suit,Angel Wings Swimsuit for – One-Piece Bathing Suit | DLM,84,55
mommy-and-me-matching-coral-and-floral-print-sleeveless-maxi-dresses,Mommy and Me Matching Coral and Floral Print Sleeveless Maxi Dresses,Coral and Floral Print Sleeveless Maxi Dresses | DLM,68,52
mother-daughter-matching-deer-print-party-dress,Mommy and Me Matching Floral Antler Print Crisscross Dresses with Pockets,Floral Antler Print Crisscross Dresses with Pockets | DLM,73,57
mommy-and-me-matching-floral-long-sleeve-maxi-dresses-with-pockets,Mommy and Me Matching Floral Long-Sleeve Maxi Dresses with Pockets,Floral Long-Sleeve Maxi Dresses with Pockets | DLM,66,50
matching-ruffle-high-waist-bikini,Matching Mother-Daughter Tropical Leaf Ruffle Bikini Set - High-Waisted Swimsuit with Headband,Tropical Leaf Ruffle Bikini Set - High-Waisted | DLM,94,52
matching-asymmetric-ruffle-bikini-swimsuit,Matching Mother-Daughter Flowy Tankini Swimsuit Set – Floral Print & High-Waisted Bottoms,Flowy Tankini Swimsuit Set – Floral Print & | DLM,89,49
mommy-and-me-matching-rainbow-stripe-jumpsuit-set-strapless-for-moms-tie-knot-for-girls,Mommy and Me Matching Rainbow Stripe Jumpsuit Set – Strapless for Moms & Tie-Knot for Girls,Rainbow Stripe Jumpsuit Set – Strapless for Moms & | DLM,91,56
