Handle,SEO Title
matching-family-christmas-sweater-red-rocking-horse-knit-top,Christmas Sweater Red Rocking Horse Knit Top | DLM
family-matching-outfit-set-mom-cardigan-kids-tops-baby-romper,"Outfit Set - Mom Cardigan, Kids Tops & Baby Romper | DLM"
family-matching-fleece-loungewear-sets-cozy-two-piece-pajamas-for-mom-and-kids,Fleece Loungewear Sets Cozy Two-Piece Pajamas | DLM
reversible-faux-suede-mid-length-coat-family-matching-outfits-for-mom-daughter-and-siblings,Reversible Faux Suede Mid-Length Coat - Outfits | DLM
family-matching-faux-shearling-jackets-warm-winter-suede-coats,Faux Shearling Jackets - Warm Winter Suede Coats | DLM
family-matching-oversized-heart-patch-sweaters-trendy-streetwear-style,Oversized Heart Patch Sweaters - Trendy Streetwear ... | DLM
family-matching-argyle-sweaters-classic-knit-unisex-pullovers,Argyle Sweaters - Classic Knit Unisex Pullovers | DLM
family-matching-red-cable-knit-cardigans-elegant-heart-button-design,Red Cable Knit Cardigans - Elegant Heart-Button Design | DLM
family-matching-cable-knit-sweaters-heart-embroidered-unisex-pullovers,Cable Knit Sweaters Heart Embroidered Unisex Pullovers | DLM
colorful-geometric-knitted-sweater-unisex-retro-oversized-pullover,Colorful Geometric Knitted Sweater Unisex Retro Ove... | DLM
matching-family-christmas-sweaters-black-with-festive-red-reindeer-and-snowflake-design,Christmas Sweaters - Black with Festive Red Reindee... | DLM
matching-family-christmas-sweaters-festive-red-with-reindeer-and-snowflake-pattern,Christmas Sweaters - Festive Red with Reindeer and ... | DLM
matching-family-colorblock-knit-sweaters-cozy-red-with-modern-style,Colorblock Knit Sweaters - Cozy Red with Modern Style | DLM
matching-family-faux-leather-jackets-trendy-and-versatile-outerwear,Faux Leather Jackets - Trendy and Versatile Outerwear | DLM
family-matching-reindeer-christmas-sweatshirts-festive-winter-style,Reindeer Christmas Sweatshirts - Festive Winter Style | DLM
family-matching-christmas-t-shirts-plaid-leopard-tree-design,Christmas T-Shirts - Plaid & Leopard Tree Design | DLM
family-matching-christmas-t-shirts-dad-mom-baby-santa-hat-design,"Christmas T-Shirts - ""Dad, Mom, Baby"" Santa Hat Design | DLM"
family-matching-christmas-t-shirts-peek-a-boo-reindeer-design,Christmas T-Shirts - Peek-A-Boo Reindeer Design | DLM
family-matching-christmas-t-shirts-adorable-reindeer-design,Christmas T-Shirts - Adorable Reindeer Design | DLM
matching-family-christmas-t-shirts-santa-reindeer-graphic-tees,Christmas T-Shirts - Santa & Reindeer Graphic Tees | DLM
matching-family-christmas-pajamas-festive-joy-love-peace-polar-bear-set,"Christmas Pajamas - Festive ""Joy, Love, Peace"" Pola... | DLM"
matching-family-christmas-pajamas-fun-grinch-inspired-holiday-set,Christmas Pajamas - Fun Grinch-Inspired Holiday Set | DLM
matching-family-christmas-pajamas-festive-christmas-tree-holiday-print-set,Christmas Pajamas - Festive Christmas Tree & Holida... | DLM
matching-family-christmas-pajamas-polar-bear-santa-holiday-set,Christmas Pajamas - Polar Bear & Santa Holiday Set | DLM
matching-family-christmas-pajamas-ho-ho-ho-santa-holiday-set,"Christmas Pajamas - ""Ho Ho Ho"" Santa Holiday Set | DLM"
family-christmas-pajamas-festive-dancing-santa-matching-holiday-set,Family Christmas Pajamas - Festive Dancing Santa Ma... | DLM
matching-family-christmas-pajamas-we-are-family-plaid-holiday-set,"Christmas Pajamas - ""We Are Family"" Plaid Holiday Set | DLM"
matching-teddy-bear-heart-fluffy-pajama-set-for-mother-daughter,Matching Teddy Bear & Heart Fluffy Pajama Set for M... | DLM
matching-family-fluffy-bunny-loungewear-set-cozy-pink-pajamas,Fluffy Bunny Loungewear Set - Cozy Pink Pajamas | DLM
matching-family-christmas-t-shirts-santa-snowman-festive-holiday-design,Christmas T-Shirts - Santa & Snowman Festive Holida... | DLM
matching-family-christmas-t-shirts-adorable-reindeer-print-with-holiday-wishes,Christmas T-Shirts - Adorable Reindeer Print with H... | DLM
merry-christmas-matching-family-t-shirts-festive-snowman-santa-and-elf-holiday-tops,"Merry Christmas T-Shirts - Festive Snowman, Santa, ... | DLM"
merry-christmas-matching-family-t-shirts-festive-holiday-outfit-in-multiple-colors,Merry Christmas T-Shirts - Festive Holiday Outfit i... | DLM
dabbing-santa-matching-family-christmas-t-shirts-fun-holiday-outfits-for-all,Dabbing Santa Christmas T-Shirts - Fun Holiday Outf... | DLM
family-matching-christmas-pajama-set-festive-santa-gnome-print-in-red-and-grey-with-cozy-nordic-pattern-pants,Christmas Pajama Set - Festive Santa Gnome Print in... | DLM
family-matching-christmas-pajama-set-festive-happy-holidays-snowman-reindeer-print-with-red-cuffs,"Christmas Pajama Set - Festive ""Happy Holidays"" Sno... | DLM"
family-matching-christmas-pajama-set-cute-santa-reindeer-print-in-white-with-festive-red-accents,Christmas Pajama Set - Cute Santa & Reindeer Print ... | DLM
family-matching-christmas-pajama-set-red-buffalo-plaid-with-reindeer-print-in-black-gold-for-cozy-holiday-nights,Christmas Pajama Set - Red Buffalo Plaid with Reind... | DLM
family-matching-winter-pajama-set-chill-out-snowman-print-with-cozy-blue-snowflake-design,"Winter Pajama Set - ""Chill Out"" Snowman Print with ... | DLM"
family-matching-christmas-pajama-set-naughty-or-nice-grinch-design-with-red-plaid-pants,Christmas Pajama Set - Naughty or Nice Grinch Desig... | DLM
family-matching-christmas-elf-pajama-set-festive-green-red-striped-elf-costume-design-for-holiday-fun,Christmas Elf Pajama Set - Festive Green & Red Stri... | DLM
family-matching-christmas-pajama-set-red-green-plaid-reindeer-print-for-cozy-holiday-moments,Christmas Pajama Set - Red & Green Plaid Reindeer P... | DLM
family-matching-christmas-pajama-set-plaid-pants-with-cute-reindeer-print-in-black-white,Christmas Pajama Set - Plaid Pants with Cute Reinde... | DLM
family-matching-christmas-pajama-set-plaid-pants-with-adorable-reindeer-print-in-white-red,Christmas Pajama Set - Plaid Pants with Adorable Re... | DLM
family-matching-christmas-pajama-set-festive-santa-ho-ho-ho-print-with-red-green-and-white-stripes,"Christmas Pajama Set - Festive Santa & ""Ho Ho Ho"" P... | DLM"
family-matching-christmas-pajama-set-festive-santa-reindeer-print-in-red-white-and-black-for-holiday-celebrations,Christmas Pajama Set - Festive Santa & Reindeer Pri... | DLM
family-matching-christmas-pajama-set-santa-reindeer-print-in-cream-and-green-for-festive-holiday-fun,Christmas Pajama Set - Santa & Reindeer Print in Cr... | DLM
family-matching-christmas-pajama-set-merry-christmas-tree-print-in-festive-green-and-black-for-holiday-gatherings,Christmas Pajama Set - Merry Christmas Tree Print i... | DLM
family-matching-christmas-pajama-set-festive-reindeer-santa-print-in-red-green-for-holiday-celebrations,Christmas Pajama Set - Festive Reindeer & Santa Pri... | DLM
family-matching-christmas-pajamas-snowman-print-merry-christmas-pjs-in-blue-and-red,"Christmas Pajamas - Snowman Print ""Merry Christmas""... | DLM"
family-matching-christmas-pajamas-happy-ho-ho-ho-to-you-elf-design-with-striped-pants,"Christmas Pajamas - ""Happy Ho Ho Ho To You"" Elf Des... | DLM"
family-matching-christmas-pajamas-set-green-white-reindeer-fair-isle-print,Christmas Pajamas Set - Green & White Reindeer Fair... | DLM
family-matching-merry-grinchmas-christmas-pajama-set-fun-holiday-grinch-design-with-festive-green-pants,"""Merry Grinchmas"" Christmas Pajama Set - Fun Holida... | DLM"
family-matching-merry-grinchmas-dinosaur-christmas-pajamas-fun-holiday-set-with-green-plaid-pants,"""Merry Grinchmas"" Dinosaur Christmas Pajamas - Fun ... | DLM"
family-matching-dont-be-a-grinch-christmas-pajamas-fun-dr-seuss-grinch-holiday-set-for-kids-adults,"""Don't Be a Grinch"" Christmas Pajamas - Fun Dr. Seu... | DLM"
family-matching-merry-christmas-tree-pajamas-black-green-plaid-holiday-pajama-set-for-kids-adults-infants,"""Merry Christmas"" Tree Pajamas - Black & Green Plai... | DLM"
family-matching-let-it-snow-merry-christmas-pajamas-navy-blue-snowman-fair-isle-holiday-pajama-set-for-kids-adults-pets,"""Let It Snow"" & ""Merry Christmas"" Pajamas - Navy Bl... | DLM"
family-matching-christmas-crew-pajamas-black-and-red-plaid-holiday-pajama-set-for-kids-and-adults,"""Christmas Crew"" Pajamas - Black and Red Plaid Holi... | DLM"
family-matching-christmas-tree-fair-isle-pajamas-red-black-holiday-pajama-set-for-kids-and-adults,Christmas Tree Fair Isle Pajamas - Red & Black Holi... | DLM
family-matching-christmas-pajamas-merry-christmas-gnome-fair-isle-pajama-set-for-kids-and-adults,"Christmas Pajamas - ""Merry Christmas"" Gnome & Fair ... | DLM"
family-matching-christmas-tree-fair-isle-pajamas-green-red-festive-pajama-set-for-adults-kids-pets,Christmas Tree Fair Isle Pajamas - Green & Red Fest... | DLM
family-matching-christmas-fair-isle-pajamas-festive-red-green-holiday-pajama-set-for-adults-kids-pets,Christmas Fair Isle Pajamas - Festive Red & Green H... | DLM
family-matching-holiday-safari-animal-pajamas-cozy-green-christmas-pajama-set-for-kids-adults-pets,Holiday Safari Animal Pajamas - Cozy Green Christma... | DLM
matching-family-christmas-pajamas-snowflake-nordic-holiday-pj-set-for-all-ages,Christmas Pajamas - Snowflake Nordic Holiday PJ Set... | DLM
family-christmas-tree-graphic-matching-t-shirts-merry-christmas-holiday-family-outfits,"Family Christmas Tree Graphic Matching T-Shirts - ""... | DLM"
family-christmas-sweatshirt-set-merry-christmas-matching-holiday-sweaters-for-family,"Family Christmas Sweatshirt Set - ""Merry Christmas""... | DLM"
eternal-love-family-matching-t-shirts-colorful-heart-design,Eternal Love T-Shirts - Colorful Heart Design | DLM
beautiful-rainbow-family-matching-t-shirts-colorful-sunshine-design,Beautiful Rainbow T-Shirts - Colorful Sunshine Design | DLM
cute-dinosaur-family-matching-t-shirts-what-are-you-doing-hug-design,"Cute Dinosaur T-Shirts - ""What Are You Doing?"" Hug ... | DLM"
colorful-i-love-family-matching-t-shirts-set-for-the-whole-family,"Colorful ""I Love Family"" Matching T-Shirts Set for ... | DLM"
happy-flower-family-matching-t-shirts-colorful-floral-print-for-parents-kids,"""Happy Flower"" T-Shirts - Colorful Floral Print for... | DLM"
love-grows-family-matching-t-shirts-watering-can-plant-design,"""Love Grows"" T-Shirts - Watering Can & Plant Design | DLM"
colorful-family-matching-love-t-shirts-fun-bold-lettering-design-in-multiple-colors,"Colorful ""LOVE"" T-Shirts - Fun Bold Lettering Desig... | DLM"
cute-family-matching-cartoon-t-shirts-sun-cloud-plant-design-in-5-colors,"Cute Cartoon T-Shirts - Sun, Cloud & Plant Design i... | DLM"
matching-family-minimalist-heart-t-shirt-set-simple-love-design-in-4-colors,Minimalist Heart T-Shirt Set - Simple Love Design i... | DLM
matching-family-love-balloon-t-shirt-set-heart-love-design-in-4-colors,"""Love Balloon"" T-Shirt Set - Heart & Love Design in... | DLM"
matching-family-love-t-shirt-set-adorable-family-heart-design,"""LOVE"" T-Shirt Set - Adorable Family Heart Design | DLM"
matching-family-plug-lightbulb-t-shirt-set-unique-family-connection-design,"""Plug & Lightbulb"" T-Shirt Set - Unique Family Conn... | DLM"
battery-themed-matching-family-t-shirt-set-super-tired-parents-energetic-kids,Battery-Themed T-Shirt Set - Super Tired Parents & ... | DLM
need-more-family-matching-drink-t-shirt-set-beer-coffee-milk-juice-family-outfit,"""Need More"" Drink T-Shirt Set - Beer, Coffee, Milk ... | DLM"
family-matching-original-remix-encore-t-shirt-set-fun-family-outfits-for-all-ages,"""Original, Remix & Encore"" T-Shirt Set - Fun Family... | DLM"
daddy-baby-bestie-heart-matching-t-shirt-onesie-set-adorable-father-and-child-outfit,"Daddy & Baby ""Bestie Heart"" Matching T-Shirt & Ones... | DLM"
daddy-baby-matching-daddysaurus-and-babysaurus-t-shirt-set-fun-dinosaur-dad-and-baby-outfit,"Daddy & Baby Matching ""Daddysaurus"" and ""Babysaurus... | DLM"
father-child-matching-striped-tie-t-shirt-set-dad-and-baby-toddler-outfits,Father & Child Matching Striped Tie T-Shirt Set - D... | DLM
daddy-me-beer-monster-milk-monster-matching-t-shirt-set,"Daddy & Me ""Beer Monster"" & ""Milk Monster"" Matching... | DLM"
daddy-me-matching-family-t-shirt-set-heartfelt-father-child-bond-outfit,Daddy & Me T-Shirt Set - Heartfelt Father-Child Bon... | DLM
top-dad-and-top-son-matching-t-shirt-onesie-set-inspired-family-outfit,Top Dad and Top Son Matching T-Shirt & Onesie Set -... | DLM
father-and-baby-matching-ctrl-c-ctrl-v-t-shirt-set-copy-and-paste-duo,"Father and Baby Matching ""CTRL + C & CTRL + V"" T-Sh... | DLM"
father-and-baby-matching-pizza-slice-t-shirts-whole-pizza-slice-set,"Father and Baby Matching Pizza Slice T-Shirts - ""Wh... | DLM"
father-baby-mr-fix-it-mr-broke-it-matching-t-shirt-onesie-set-perfect-gift-for-handy-dads,"Father & Baby ""Mr. Fix It"" & ""Mr. Broke It"" Matchin... | DLM"
father-baby-player-1-and-player-2-matching-t-shirt-onesie-set-perfect-gamer-dad-gift,"Father & Baby ""Player 1"" and ""Player 2"" Matching T-... | DLM"
father-baby-fuel-gauge-matching-t-shirt-onesie-set-daddy-baby-fuel-theme-outfit,"Father & Baby ""Fuel Gauge"" Matching T-Shirt & Onesi... | DLM"
father-baby-matching-big-trouble-and-little-trouble-t-shirt-onesie-set-playful-family-outfit,"Father & Baby Matching ""Big Trouble"" and ""Little Tr... | DLM"
family-matching-t-shirt-set-with-colorful-heart-brushstroke-design,T-Shirt Set with Colorful Heart Brushstroke Design | DLM
mother-daughter-matching-navy-knit-cardigan-set-gingham-ruffle-trim-bow-accent,Mother-Daughter Matching Navy Knit Cardigan Set Gin... | DLM
elegant-beige-chiffon-family-matching-dresses-mother-daughter-summer-outfits,Elegant Beige Chiffon Dresses Mother & Daughter Sum... | DLM
gradient-ombre-family-matching-outfits-pink-blue-t-shirts-with-white-shorts-set,Gradient Ombre Outfits Pink & Blue T-Shirts with Wh... | DLM
vibrant-rainbow-family-matching-outfits-striped-t-shirts-and-yellow-overalls-set-for-family-outings,Vibrant Rainbow Outfits Striped T-Shirts and Yellow... | DLM
green-and-white-matching-family-outfits-stylish-floral-print-family-set-for-parents-and-kids,Green and White Outfits Stylish Floral Print Family... | DLM
stylish-blue-sleeveless-mommy-and-me-dress-set-with-bow-detail-perfect-for-summer-outings,Stylish Blue Sleeveless Dress Set with Bow Detail P... | DLM
elegant-floral-off-shoulder-mommy-and-me-dress-set-perfect-for-summer-outings,Elegant Floral Off-Shoulder Dress Set Perfect for S... | DLM
vibrant-rainbow-maxi-dress-set-for-mom-and-daughter-colorful-summer-matching-outfits,Vibrant Rainbow Maxi Dress Set for Colorful Summer ... | DLM
cute-matching-mom-and-daughter-cartoon-pajama-set-fun-and-cozy-sleepwear,Cute Matching Cartoon Pajama Set - Fun and Cozy Sle... | DLM
cozy-matching-black-white-striped-sweater-set-for-mom-and-daughter,Cozy Matching Black & White Striped Sweater Set for... | DLM
mother-daughter-matching-summer-dresses-vibrant-printed-sleeveless-maxi-dresses,Mother-Daughter Matching Summer Dresses Vibrant Pri... | DLM
matching-family-denim-button-up-shirts-casual-unisex-jean-jackets-for-parents-and-kids,Denim Button-Up Shirts Casual Unisex Jean Jackets f... | DLM
matching-family-striped-fleece-hoodies-cozy-winter-pullover-for-parents-and-kids,Striped Fleece Hoodies Cozy Winter Pullover for Par... | DLM
matching-family-tropical-floral-beach-outfits-navy-and-orange-flower-print-dresses-shirts-set,Matching Tropical Floral Beach Outfits Navy and Ora... | DLM
matching-mother-and-daughter-beach-dresses-elegant-cream-chiffon-maxi-dress-set,Matching Mother and Daughter Beach Dresses Elegant ... | DLM
matching-star-knit-sweater-dress-cozy-cream-family-outfit-for-mom-and-daughter,Matching Star Knit Sweater Dress Cozy Cream Family ... | DLM
matching-color-block-knit-sweaters-vibrant-family-pullover-for-mom-and-kids,Matching Color-Block Knit Sweaters Vibrant Family P... | DLM
matching-mother-and-daughter-heart-knit-cardigans-cream-and-black-sweaters-for-mommy-me,Matching Mother and Daughter Heart Knit Cardigans C... | DLM
matching-family-heart-embroidery-cardigans-cream-and-red-knit-sweaters-for-parents-and-kids,Heart Embroidery Cardigans Cream and Red Knit Sweat... | DLM
matching-family-denim-jackets-classic-light-wash-jean-shirt-for-mom-dad-and-kids,Denim Jackets Classic Light-Wash Jean Shirt for Mom... | DLM
matching-family-red-stripe-knit-sweaters-half-zip-pullover-for-mom-dad-and-kids,"Red Stripe Knit Sweaters Half-Zip Pullover for Mom,... | DLM"
matching-mommy-and-me-bear-striped-knit-sweaters-cozy-family-outfit-with-embroidered-bear-design,Matching Bear Striped Knit Sweaters Cozy Family Out... | DLM
matching-family-striped-cardigans-navy-and-red-heart-embroidery-knit-sweaters-for-mom-dad-and-kids,Striped Cardigans Navy and Red Heart Embroidery Kni... | DLM
matching-rainbow-striped-family-cardigans-cozy-good-mood-knit-sweaters-for-mom-and-kids,"Matching Rainbow Striped Family Cardigans Cozy ""Goo... | DLM"
elegant-matching-family-outfits-light-blue-halter-dresses-casual-t-shirt-set-for-summer,Elegant Outfits Light Blue Halter Dresses & Casual ... | DLM
tropical-matching-family-beach-outfits-colorful-leaf-print-summer-dresses-shorts-set,Tropical Beach Outfits Colorful Leaf Print Summer D... | DLM
matching-family-beach-outfits-holiday-palm-tree-print-summer-dresses-shorts-set,Beach Outfits Holiday Palm Tree Print Summer Dresse... | DLM
matching-family-yellow-beach-outfits-summer-vacation-dresses-shorts-set,Yellow Beach Outfits Summer Vacation Dresses & Shor... | DLM
matching-mommy-me-colorful-watercolor-maxi-dresses-sleeveless-summer-dress,Matching Mommy & Me Colorful Watercolor Maxi Dresse... | DLM
matching-mommy-me-floral-strappy-back-maxi-dresses-summer-beach-outfit,Matching Mommy & Me Floral Strappy Back Maxi Dresse... | DLM
matching-mommy-me-smocked-sundresses-vibrant-floral-and-patterned-summer-dresses,Matching Mommy & Me Smocked Sundresses Vibrant Flor... | DLM
matching-mommy-me-sunflower-maxi-dresses-sleeveless-floral-print-summer-dress,Matching Mommy & Me Sunflower Maxi Dresses Sleevele... | DLM
matching-mommy-me-plaid-flannel-shirts-cozy-button-up-jackets-for-fall,Matching Mommy & Me Plaid Flannel Shirts Cozy Butto... | DLM
mommy-and-me-matching-yellow-sleeveless-maxi-dress-vibrant-summer-beach-dress-for-mother-daughter,Matching Yellow Sleeveless Maxi Dress Vibrant Summe... | DLM
mommy-and-me-matching-pink-sleeveless-summer-dress-elegant-sundress-for-mother-daughter,Matching Pink Sleeveless Summer Dress Elegant Sundr... | DLM
family-matching-floral-shirt-and-dress-a-charming-and-coordinated-look,Floral Shirt and Dress - A Charming and Coordinated... | DLM
dynamic-duo-father-and-son-matching-swim-trunks-family-beachwear-set,"Dynamic Duo"" Father and Son Matching Swim Trunks - ... | DLM"
tropical-flair-father-and-son-matching-swim-trunks-flamingo-and-foliage-print,Tropical Flair Father and Son Matching Swim Trunks ... | DLM
father-and-son-matching-swim-trunks-elegant-blue-and-white-paisley-design-quick-dry-beachwear,Father and Son Matching Swim Trunks - Elegant Blue ... | DLM
father-and-son-matching-swim-trunks-bold-cow-print-family-beachwear,Father and Son Matching Swim Trunks - Bold Cow Prin... | DLM
father-and-son-matching-swim-trunks-tropical-paradise-red-and-green-print,Father and Son Matching Swim Trunks - Tropical Para... | DLM
father-and-son-matching-swim-trunks-classic-paisley-pattern-in-blue-and-yellow,Father and Son Matching Swim Trunks - Classic Paisl... | DLM
father-and-son-matching-swim-trunks-tropical-floral-print-family-swimwear,Father and Son Matching Swim Trunks - Tropical Flor... | DLM
mother-daughter-matching-swim-set-abstract-print-two-piece-high-waisted-bikini-with-wrap-skirt,Mother & Daughter Matching Swim Set - Abstract Prin... | DLM
elegant-mother-daughter-matching-one-piece-swimsuit-with-patterned-mesh-skirt-family-beachwear-set,Elegant Mother Daughter Matching One-Piece Swimsuit... | DLM
chic-family-tides-mother-daughter-matching-two-piece-swimsuit-with-skirt-vibrant-versatile-swimwear-collection,Chic Family Tides: Mother & Daughter Matching Two-P... | DLM
chic-family-bonding-mother-daughter-matching-swimsuit-set-with-long-sleeved-cover-up,Chic Family Bonding - Mother & Daughter Matching Sw... | DLM
chic-mother-daughter-matching-swimsuit-set-with-floral-cover-up-family-beachwear-collection,Chic Mother-Daughter Matching Swimsuit Set with Flo... | DLM
chic-two-piece-swimsuit-with-skirt-family-matching-swimwear-for-mother-and-daughter-available-in-blue-green-black,Chic Two-Piece Swimsuit with Skirt Swimwear for Mot... | DLM
mommy-me-vibrant-duo-tone-one-piece-swimsuit-with-ring-accent-family-matching-swimwear-collection,"Mommy & Me"" Vibrant Duo-Tone One-Piece Swimsuit wit... | DLM"
chic-color-block-one-piece-swimsuit-for-mother-daughter-vibrant-sleek-beachwear,Chic Color-Block One-Piece Swimsuit for Mother & Da... | DLM
chic-two-piece-swimsuit-set-ruffle-detail-top-and-high-waisted-bottoms-in-four-vibrant-colors,Chic Two-Piece Swimsuit Set Ruffle Detail Top and H... | DLM
chic-mother-daughter-two-piece-swimsuit-family-matching-swimwear-in-vibrant-colors,Chic Mother-Daughter Two-Piece Swimsuit - Swimwear ... | DLM
chic-tropical-one-shoulder-ruffle-swimsuit-set-for-mother-and-daughter-vibrant-floral-pattern-with-comfort-stretch,Chic Tropical One-Shoulder Ruffle Swimsuit Set for ... | DLM
modern-cow-print-tankini-swimsuit-set-for-mother-and-daughter-stylish-high-waisted-swimwear-with-ruffle-detail,Modern Cow Print Tankini Swimsuit Set for Mother an... | DLM
chic-floral-ruffle-one-shoulder-swimsuit-for-women-and-girls-elegant-asymmetrical-swimwear-set-in-vibrant-tropics-print,Chic Floral Ruffle One-Shoulder Swimsuit for Women ... | DLM
nautical-charm-flamingo-print-one-piece-swimsuits-for-mother-daughter,Nautical Charm Flamingo Print One-Piece Swimsuits f... | DLM
mother-daughter-pastel-mermaid-scales-swimsuit-with-frill-detail,Mother & Daughter Pastel Mermaid Scales Swimsuit wi... | DLM
elegant-long-sleeve-leopard-print-swimsuit-for-mother-and-daughter,Elegant Long-Sleeve Leopard Print Swimsuit for Moth... | DLM
chic-tropical-floral-high-neck-swimsuit-set-for-women-and-girls-zippered-sleeveless-quick-dry-swimwear,Chic Tropical Floral High-Neck Swimsuit Set for Wom... | DLM
tropical-one-shoulder-ruffle-swimsuit-for-women-and-girls-vibrant-floral-print-asymmetrical-design-family-matching-swimwear,Tropical One-Shoulder Ruffle Swimsuit for Women and... | DLM
elegant-tropical-high-waisted-swimsuit-set-for-mother-and-daughter-radiant-red-halter-neck-design,Elegant Tropical High-Waisted Swimsuit Set for Moth... | DLM
chic-striped-one-piece-swimsuit-with-playful-ruffle-detail-a-duo-of-elegance-for-mother-daughter,Chic Striped One-Piece Swimsuit with Playful Ruffle... | DLM
elegant-blue-and-white-floral-one-piece-swimsuit-timeless-style-for-mother-and-daughter,Elegant Blue and White Floral One-Piece Swimsuit - ... | DLM
modern-monochrome-one-shoulder-swimsuit-with-animal-print-ruffle-elegant-poolside-duo-for-mother-and-child,Modern Monochrome One-Shoulder Swimsuit with Animal... | DLM
chic-leopard-print-one-piece-swimsuit-with-ruffle-accent-timeless-mother-daughter-beachwear,Chic Leopard Print One-Piece Swimsuit with Ruffle A... | DLM
vibrant-halter-neck-one-piece-swimsuit-with-waist-tie-detail-mother-daughter-matching-swimwear-in-exquisite-baroque-print,Vibrant Halter Neck One-Piece Swimsuit with Waist T... | DLM
chic-tropical-ruffle-one-piece-swimsuit-lush-botanical-print-with-elegant-solid-trim-for-mother-child,Chic Tropical Ruffle One-Piece Swimsuit - Lush Bota... | DLM
vibrant-one-shoulder-rainbow-trim-swimsuit-set-chic-monochrome-blue-with-colorful-accents-for-mother-daughter,Vibrant One-Shoulder Rainbow Trim Swimsuit Set - Ch... | DLM
royal-blue-high-neck-halter-swimsuit-set-with-paisley-print-bottoms-elegant-family-beachwear,Royal Blue High-Neck Halter Swimsuit Set with Paisl... | DLM
chic-ocean-blue-mother-daughter-swimsuit-duo-stylish-ruffle-top-with-paisley-high-waisted-bottoms,Chic Ocean Blue Mother-Daughter Swimsuit Duo Stylis... | DLM
enchanting-mermaid-scales-two-piece-swimsuit-set-for-mother-and-daughter-rainbow-hues-with-flirty-skirt-detail,Enchanting Mermaid Scales Two-Piece Swimsuit Set fo... | DLM
chic-mother-daughter-one-shoulder-swimsuit-with-playful-ruffles-and-contrasting-stripes-nylon-polyester-blend,Chic Mother-Daughter One-Shoulder Swimsuit with Pla... | DLM
chic-one-shoulder-striped-ruffle-swimsuit-for-women-and-girls-elegant-monokini-with-side-tie,Chic One-Shoulder Striped Ruffle Swimsuit for Women... | DLM
elegant-chocolate-brown-monokini-for-mother-daughter-duo-sleek-halter-neckline-with-playful-polka-dot-tie-sides,Elegant Chocolate Brown Monokini for Mother & Daugh... | DLM
elegant-mother-daughter-matching-summer-dress-ruffled-layered-chiffon-with-sequin-embellishments,Elegant Mother & Daughter Matching Summer Dress - R... | DLM
elegant-chiffon-sleeveless-dress-with-sequin-detail-mother-and-daughter-matching-outfits,Elegant Chiffon Sleeveless Dress with Sequin Detail... | DLM
chic-family-matching-sleeveless-dresses-ruffled-hem-mother-daughter-summer-outfit,Matching Sequin Lace Tulle Dresses with Crisscross ... | DLM
elegant-black-ruffle-dress-chic-sleeveless-layered-dress-for-mother-and-daughter-perfect-for-parties-and-events,Elegant Black Ruffle Dress - Chic Sleeveless Layere... | DLM
mommy-and-me-matching-silver-asymmetrical-chiffon-dresses-with-strappy-backs,Matching Silver Asymmetrical Chiffon Dresses with S... | DLM
mommy-and-me-matching-pink-tie-dye-pleated-maxi-dresses-with-adjustable-straps,Matching Pink Tie-Dye Pleated Maxi Dresses with Adj... | DLM
mommy-and-me-checkered-sweater-vest-matching-family-outfits,Checkered Sweater Vest - Outfits | Mommy and Me | DLM
mother-daughter-matching-floral-knit-sweater-vest-pink-brown-retro-style,Mother-Daughter Matching Floral Knit Sweater Vest -... | DLM
parent-child-rainbow-bear-autumn-sweater,Mother-Daughter Matching Rainbow Striped Sweater wi... | DLM
family-matching-shirt-and-dress-set-yellow-floral-for-a-springtime-look,Shirt and Dress Set: Yellow Floral for a Springtime... | DLM
boho-chic-family-matching-outfit-flowy-skirts-and-paisley-shirts,Boho Chic Outfit - Flowy Skirts and Paisley Shirts | DLM
tropical-vibes-matching-family-hawaiian-shirt-and-floral-dress,Tropical Vibes: Hawaiian Shirt and Floral Dress | DLM
family-matching-outfits-floral-dresses-and-shorts-with-a-touch-of-fun,Outfits - Floral Dresses and Shorts with a Touch of... | DLM
family-matching-dresses-and-t-shirts-show-your-family-spirit,Dresses and T-Shirts: Show Your Family Spirit | DLM
family-matching-outfits-the-perfect-way-to-show-your-aloha-spirit,Outfits: The Perfect Way to Show Your Aloha Spirit | DLM
family-matching-outfits-white-dresses-with-green-leaves-and-matching-shirts,Outfits - White Dresses with Green Leaves and Match... | DLM
family-matching-beach-dress-and-shirt-set-light-blue-floral-hawaiian-print,Beach Dress and Shirt Set - Light Blue Floral Hawai... | DLM
family-matching-dress-and-t-shirt-set-summer-fun-for-the-whole-family,Dress and T-Shirt Set - Summer Fun for the Whole Fa... | DLM
family-matching-set-cute-and-stylish-outfits-for-mothers-fathers-and-children,"Set - Cute and Stylish Outfits for Mothers, Fathers... | DLM"
father-son-matching-hawaiian-floral-shirts,Dad and Son Matching Hawaiian Floral Shirts: Perfec... | DLM
mommy-daughter-matching-tie-dye-dress,Matching Mommy & Me Pastel Tie-Dye Ruffle Dresses -... | DLM
family-matching-christmas-deer-snowflake-pjs,Christmas Pajamas - Nordic Reindeer Print Holiday P... | DLM
mommy-me-matching-solid-long-dress,Matching Mommy & Me Sleeveless Ruffle Dresses - Sof... | DLM
matching-family-christmas-pajamas-with-reindeer-print-plaid-pants-holiday-sleepwear-set-for-the-whole-family-including-pets,Christmas Pajamas with Reindeer Print & Plaid Pants... | DLM
family-matching-oregon-ducks-hoodies-cozy-sweatshirts-for-parents-and-kids,Oregon Ducks Hoodies - Cozy Sweatshirts for Parents... | DLM
mommy-and-me-matching-floral-print-jumpsuits-sleeveless-and-long-sleeve-options,Matching Floral Print Jumpsuits - Sleeveless and Lo... | DLM
family-matching-dinosaur-sweatshirt-set-cute-what-are-you-doing-design-in-multiple-colors,"Dinosaur Sweatshirt Set - Cute ""What Are You Doing?... | DLM"
mother-and-daughter-classic-floral-dress,Matching Mommy & Me Floral Smocked Midi Dresses - S... | DLM
daddy-me-my-best-lady-my-best-man,"Matching Daddy & Baby ""My Best Lady"" and ""My Best M... | DLM"
father-and-child-pilot-co-pilot-matching-t-shirt-set-perfect-for-daddy-me-outfits,"Father and Child ""Pilot & Co-Pilot"" Matching T-Shir... | DLM"
mom-girl-flower-prints-stripes,Matching Floral and Striped Long Sleeve A-Line Dresses | DLM
floral-print-maternity-photography-bodysuits-slash-neck-floral-ruffles,Floral Print Maternity Photography Bodysuits Slash ... | DLM
chiffon-shoulder-less-maternity-dresses-for-photo-shoot-white-front-open,Chiffon Shoulder-less Maternity Dresses for Photo S... | DLM
maternity-photography-props-maxi-dresses-see-through-eyelashes-lace,Maternity Photography Props Maxi Dresses See Throug... | DLM
maternity-long-dress-with-chiffon-cloak-short-sleeve-sweet-heart,Maternity Long Dress with Chiffon Cloak Short Sleev... | DLM
lace-long-sleeve-maternity-photography-props-dresses-for-pregnant-women,Lace Long Sleeve Maternity Photography Props Dresse... | DLM
matching-family-smile-hoodies-cute-comfortable-sweatshirts-for-parents-and-kids,Smile Hoodies - Cute & Comfortable Sweatshirts for ... | DLM
family-matching-christmas-buffalo-plaid-onesies-with-flap-cozy-red-black-pajamas,Christmas Buffalo Plaid Onesies with Flap - Cozy Re... | DLM
mommy-me-matching-red-dress,Matching Mommy & Me Red Ruffle Jumpsuits - Stylish ... | DLM
mommy-me-cotton-silk-princess-pajamas,Mother-Daughter Matching Long White Nightgown - Ele... | DLM
one-shoulder-matching-swimsuit,Matching Mother-Daughter Floral Ruffle One-Shoulder... | DLM
matching-heart-t-shirt-mommy-me,"""Bestie"" Heart T-Shirt Set - Available in Red, Whit... | DLM"
daddy-and-me-original-remix-t-shirt,"Father & Baby Matching ""The Original"" and ""The Remi... | DLM"
matching-father-and-child-me-mini-me-t-shirt-set-adorable-dad-and-kid-outfit,"Matching Father and Child ""Me & Mini Me"" T-Shirt Se... | DLM"
mommy-me-angels-wing-swimsuit,Matching Angel Wings Swimsuit for Mother & Daughter... | DLM
mommy-and-me-matching-coral-and-floral-print-sleeveless-maxi-dresses,Matching Coral and Floral Print Sleeveless Maxi Dre... | DLM
mother-daughter-matching-deer-print-party-dress,Matching Floral Antler Print Crisscross Dresses wit... | DLM
mommy-and-me-matching-floral-long-sleeve-maxi-dresses-with-pockets,Matching Floral Long-Sleeve Maxi Dresses with Pockets | DLM
matching-ruffle-high-waist-bikini,Matching Mother-Daughter Tropical Leaf Ruffle Bikin... | DLM
matching-asymmetric-ruffle-bikini-swimsuit,Matching Mother-Daughter Flowy Tankini Swimsuit Set... | DLM
mommy-and-me-matching-rainbow-stripe-jumpsuit-set-strapless-for-moms-tie-knot-for-girls,Matching Rainbow Stripe Jumpsuit Set - Strapless fo... | DLM
