Redirect from,Redirect to
/cs,/
/cs/account,/account
/cs/account/login,/account/login
/cs/account/register,/account/register
/cs/blogs/news,/blogs/news
/cs/cart,/cart
/cs/collections,/collections
/cs/collections/accessories,/collections/accessories
/cs/collections/all,/collections/all
/cs/collections/bottoms,/collections/bottoms
/cs/collections/christmas-matching-outfits,/collections/christmas-matching-outfits
/cs/collections/coats-sweaters,/collections/coats-sweaters
/cs/collections/combinations,/collections/combinations
/cs/collections/couples,/collections/couples
/cs/collections/daddy-and-me,/collections/daddy-and-me
/cs/collections/daddy-me-shorts,/collections/daddy-me-shorts
/cs/collections/dresses,/collections/dresses
/cs/collections/family-matching,/collections/family-matching
/cs/collections/family-matching-pajamas,/collections/family-matching-pajamas
/cs/collections/family-pajamas,/collections/family-pajamas
/cs/collections/family-sets,/collections/family-sets
/cs/collections/family-sweaters,/collections/family-sweaters
/cs/collections/family-tops,/collections/family-tops
/cs/collections/fathers-day-matching,/collections/fathers-day-matching
/cs/collections/headbands,/collections/headbands
/cs/collections/jumpsuits,/collections/jumpsuits
/cs/collections/leggings,/collections/leggings
/cs/collections/matching-outfits,/collections/matching-outfits
/cs/collections/maternity,/collections/maternity
/cs/collections/maxi-dresses,/collections/maxi-dresses
/cs/collections/midi-dresses,/collections/midi-dresses
/cs/collections/mini-dresses,/collections/mini-dresses
/cs/collections/mommy-and-me,/collections/mommy-and-me
/cs/collections/mother-daughter-swimsuits,/collections/mother-daughter-swimsuits
/cs/collections/new-arrivals,/collections/new-arrivals
/cs/collections/new-matching-outfits,/collections/new-matching-outfits
/cs/collections/pajamas,/collections/pajamas
/cs/collections/pants,/collections/pants
/cs/collections/rompers,/collections/rompers
/cs/collections/skirts,/collections/skirts
/cs/collections/sundresses,/collections/sundresses
/cs/collections/sweaters,/collections/sweaters
/cs/collections/swimsuits,/collections/swimsuits
/cs/collections/tops,/collections/tops
/cs/collections/trunks,/collections/trunks
/cs/pages/about-us,/pages/about-us
/cs/pages/contact-us,/pages/contact-us
/cs/pages/faq,/pages/faq
/cs/pages/privacy-policy,/pages/privacy-policy
/cs/pages/refund-policy,/pages/refund-policy
/cs/pages/shipping-policy,/pages/shipping-policy
/cs/pages/size-guide,/pages/size-guide
/cs/pages/terms-of-service,/pages/terms-of-service
/cs/search,/search
/da,/
/da/account,/account
/da/account/login,/account/login
/da/account/register,/account/register
/da/blogs/news,/blogs/news
/da/cart,/cart
/da/collections,/collections
/da/collections/accessories,/collections/accessories
/da/collections/all,/collections/all
/da/collections/bottoms,/collections/bottoms
/da/collections/christmas-matching-outfits,/collections/christmas-matching-outfits
/da/collections/coats-sweaters,/collections/coats-sweaters
/da/collections/combinations,/collections/combinations
/da/collections/couples,/collections/couples
/da/collections/daddy-and-me,/collections/daddy-and-me
/da/collections/daddy-me-shorts,/collections/daddy-me-shorts
/da/collections/dresses,/collections/dresses
/da/collections/family-matching,/collections/family-matching
/da/collections/family-matching-pajamas,/collections/family-matching-pajamas
/da/collections/family-pajamas,/collections/family-pajamas
/da/collections/family-sets,/collections/family-sets
/da/collections/family-sweaters,/collections/family-sweaters
/da/collections/family-tops,/collections/family-tops
/da/collections/fathers-day-matching,/collections/fathers-day-matching
/da/collections/headbands,/collections/headbands
/da/collections/jumpsuits,/collections/jumpsuits
/da/collections/leggings,/collections/leggings
/da/collections/matching-outfits,/collections/matching-outfits
/da/collections/maternity,/collections/maternity
/da/collections/maxi-dresses,/collections/maxi-dresses
/da/collections/midi-dresses,/collections/midi-dresses
/da/collections/mini-dresses,/collections/mini-dresses
/da/collections/mommy-and-me,/collections/mommy-and-me
/da/collections/mother-daughter-swimsuits,/collections/mother-daughter-swimsuits
/da/collections/new-arrivals,/collections/new-arrivals
/da/collections/new-matching-outfits,/collections/new-matching-outfits
/da/collections/pajamas,/collections/pajamas
/da/collections/pants,/collections/pants
/da/collections/rompers,/collections/rompers
/da/collections/skirts,/collections/skirts
/da/collections/sundresses,/collections/sundresses
/da/collections/sweaters,/collections/sweaters
/da/collections/swimsuits,/collections/swimsuits
/da/collections/tops,/collections/tops
/da/collections/trunks,/collections/trunks
/da/pages/about-us,/pages/about-us
/da/pages/contact-us,/pages/contact-us
/da/pages/faq,/pages/faq
/da/pages/privacy-policy,/pages/privacy-policy
/da/pages/refund-policy,/pages/refund-policy
/da/pages/shipping-policy,/pages/shipping-policy
/da/pages/size-guide,/pages/size-guide
/da/pages/terms-of-service,/pages/terms-of-service
/da/search,/search
/fi,/
/fi/account,/account
/fi/account/login,/account/login
/fi/account/register,/account/register
/fi/blogs/news,/blogs/news
/fi/cart,/cart
/fi/collections,/collections
/fi/collections/accessories,/collections/accessories
/fi/collections/all,/collections/all
/fi/collections/bottoms,/collections/bottoms
/fi/collections/christmas-matching-outfits,/collections/christmas-matching-outfits
/fi/collections/coats-sweaters,/collections/coats-sweaters
/fi/collections/combinations,/collections/combinations
/fi/collections/couples,/collections/couples
/fi/collections/daddy-and-me,/collections/daddy-and-me
/fi/collections/daddy-me-shorts,/collections/daddy-me-shorts
/fi/collections/dresses,/collections/dresses
/fi/collections/family-matching,/collections/family-matching
/fi/collections/family-matching-pajamas,/collections/family-matching-pajamas
/fi/collections/family-pajamas,/collections/family-pajamas
/fi/collections/family-sets,/collections/family-sets
/fi/collections/family-sweaters,/collections/family-sweaters
/fi/collections/family-tops,/collections/family-tops
/fi/collections/fathers-day-matching,/collections/fathers-day-matching
/fi/collections/headbands,/collections/headbands
/fi/collections/jumpsuits,/collections/jumpsuits
/fi/collections/leggings,/collections/leggings
/fi/collections/matching-outfits,/collections/matching-outfits
/fi/collections/maternity,/collections/maternity
/fi/collections/maxi-dresses,/collections/maxi-dresses
/fi/collections/midi-dresses,/collections/midi-dresses
/fi/collections/mini-dresses,/collections/mini-dresses
/fi/collections/mommy-and-me,/collections/mommy-and-me
/fi/collections/mother-daughter-swimsuits,/collections/mother-daughter-swimsuits
/fi/collections/new-arrivals,/collections/new-arrivals
/fi/collections/new-matching-outfits,/collections/new-matching-outfits
/fi/collections/pajamas,/collections/pajamas
/fi/collections/pants,/collections/pants
/fi/collections/rompers,/collections/rompers
/fi/collections/skirts,/collections/skirts
/fi/collections/sundresses,/collections/sundresses
/fi/collections/sweaters,/collections/sweaters
/fi/collections/swimsuits,/collections/swimsuits
/fi/collections/tops,/collections/tops
/fi/collections/trunks,/collections/trunks
/fi/pages/about-us,/pages/about-us
/fi/pages/contact-us,/pages/contact-us
/fi/pages/faq,/pages/faq
/fi/pages/privacy-policy,/pages/privacy-policy
/fi/pages/refund-policy,/pages/refund-policy
/fi/pages/shipping-policy,/pages/shipping-policy
/fi/pages/size-guide,/pages/size-guide
/fi/pages/terms-of-service,/pages/terms-of-service
/fi/search,/search
/nb,/
/nb/account,/account
/nb/account/login,/account/login
/nb/account/register,/account/register
/nb/blogs/news,/blogs/news
/nb/cart,/cart
/nb/collections,/collections
/nb/collections/accessories,/collections/accessories
/nb/collections/all,/collections/all
/nb/collections/bottoms,/collections/bottoms
/nb/collections/christmas-matching-outfits,/collections/christmas-matching-outfits
/nb/collections/coats-sweaters,/collections/coats-sweaters
/nb/collections/combinations,/collections/combinations
/nb/collections/couples,/collections/couples
/nb/collections/daddy-and-me,/collections/daddy-and-me
/nb/collections/daddy-me-shorts,/collections/daddy-me-shorts
/nb/collections/dresses,/collections/dresses
/nb/collections/family-matching,/collections/family-matching
/nb/collections/family-matching-pajamas,/collections/family-matching-pajamas
/nb/collections/family-pajamas,/collections/family-pajamas
/nb/collections/family-sets,/collections/family-sets
/nb/collections/family-sweaters,/collections/family-sweaters
/nb/collections/family-tops,/collections/family-tops
/nb/collections/fathers-day-matching,/collections/fathers-day-matching
/nb/collections/headbands,/collections/headbands
/nb/collections/jumpsuits,/collections/jumpsuits
/nb/collections/leggings,/collections/leggings
/nb/collections/matching-outfits,/collections/matching-outfits
/nb/collections/maternity,/collections/maternity
/nb/collections/maxi-dresses,/collections/maxi-dresses
/nb/collections/midi-dresses,/collections/midi-dresses
/nb/collections/mini-dresses,/collections/mini-dresses
/nb/collections/mommy-and-me,/collections/mommy-and-me
/nb/collections/mother-daughter-swimsuits,/collections/mother-daughter-swimsuits
/nb/collections/new-arrivals,/collections/new-arrivals
/nb/collections/new-matching-outfits,/collections/new-matching-outfits
/nb/collections/pajamas,/collections/pajamas
/nb/collections/pants,/collections/pants
/nb/collections/rompers,/collections/rompers
/nb/collections/skirts,/collections/skirts
/nb/collections/sundresses,/collections/sundresses
/nb/collections/sweaters,/collections/sweaters
/nb/collections/swimsuits,/collections/swimsuits
/nb/collections/tops,/collections/tops
/nb/collections/trunks,/collections/trunks
/nb/pages/about-us,/pages/about-us
/nb/pages/contact-us,/pages/contact-us
/nb/pages/faq,/pages/faq
/nb/pages/privacy-policy,/pages/privacy-policy
/nb/pages/refund-policy,/pages/refund-policy
/nb/pages/shipping-policy,/pages/shipping-policy
/nb/pages/size-guide,/pages/size-guide
/nb/pages/terms-of-service,/pages/terms-of-service
/nb/search,/search
/sv/account,/account
/sv/account/login,/account/login
/sv/account/register,/account/register
/sv/blogs/news,/blogs/news
/sv/cart,/cart
/sv/collections,/collections
/sv/pages/privacy-policy,/pages/privacy-policy
/sv/pages/size-guide,/pages/size-guide
/sv/pages/terms-of-service,/pages/terms-of-service
/sv/search,/search
